Key;Name;URL
0;Yo-Sub Han;https://dblp.uni-trier.de/pid/h/YoSubHan.html
1;Sang-Ki Ko;https://dblp.uni-trier.de/pid/71/9491.html
2;Pavel Alaev;https://dblp.uni-trier.de/pid/223/4954.html
3;Victor L. Selivanov;https://dblp.uni-trier.de/pid/60/934.html
4;Sabine Broda;https://dblp.uni-trier.de/pid/42/4087.html
5;António Machiavelo;https://dblp.uni-trier.de/pid/21/4601.html
6;Nelma Moreira;https://dblp.uni-trier.de/pid/n/NelmaMoreira.html
7;Rogério Reis;https://dblp.uni-trier.de/pid/30/5254.html
8;Viliam Geffert;https://dblp.uni-trier.de/pid/54/3483.html
9;Alexander Okhotin;https://dblp.uni-trier.de/pid/o/AOkhotin.html
10;Stefan Hoffmann;https://dblp.uni-trier.de/pid/73/962-1.html
11;Markus Holzer;https://dblp.uni-trier.de/pid/h/MarkusHolzer1.html
12;Christian Rauch;https://dblp.uni-trier.de/pid/51/7703.html
13;Chris Keeler;https://dblp.uni-trier.de/pid/201/6524.html
14;Kai Salomaa;https://dblp.uni-trier.de/pid/02/6009.html
15;Stavros Konstantinidis;https://dblp.uni-trier.de/pid/k/StavrosKonstantinidis.html
16;Martin Kutrib;https://dblp.uni-trier.de/pid/k/MartinKutrib.html
17;Matthias Wendlandt;https://dblp.uni-trier.de/pid/55/10307.html
18;Olga Martynova;https://dblp.uni-trier.de/pid/191/3141-1.html
19;Jean Néraud;https://dblp.uni-trier.de/pid/n/JNeraud.html
20;Alexander A. Rubtsov;https://dblp.uni-trier.de/pid/96/9670.html
21;Mikhail N. Vyalyi;https://dblp.uni-trier.de/pid/n/MikhailNVyalyi.html
22;Kevin Stier;https://dblp.uni-trier.de/pid/265/9625.html
23;Markus Ulbricht;https://dblp.uni-trier.de/pid/82/11198-1.html
24;Stefan Kiefer;https://dblp.uni-trier.de/pid/28/6047.html
25;Cas Widdershoven;https://dblp.uni-trier.de/pid/243/5879.html
26;Abuzer Yakaryilmaz;https://dblp.uni-trier.de/pid/82/4618.html
27;Giovanni Pighizzini;https://dblp.uni-trier.de/pid/87/6893.html
28;Cezar Câmpeanu;https://dblp.uni-trier.de/pid/41/4735.html
29;Shaull Almagor;https://dblp.uni-trier.de/pid/88/8556.html
30;Denis Kuperberg;https://dblp.uni-trier.de/pid/21/8279.html
31;Orna Kupferman;https://dblp.uni-trier.de/pid/k/OrnaKupferman.html
32;Marcella Anselmo;https://dblp.uni-trier.de/pid/91/3140.html
33;Dora Giammarresi;https://dblp.uni-trier.de/pid/13/1566.html
34;Maria Madonia;https://dblp.uni-trier.de/pid/74/2120.html
35;Jürgen Dassow;https://dblp.uni-trier.de/pid/d/JDassow.html
36;Suna Bensch;https://dblp.uni-trier.de/pid/84/2622.html
37;Maia Hoeberechts;https://dblp.uni-trier.de/pid/16/5230.html
38;Janusz A. Brzozowski;https://dblp.uni-trier.de/pid/b/JABrzozowski.html
39;Sylvie Davies;https://dblp.uni-trier.de/pid/160/8228.html
40;Maksims Dimitrijevs;https://dblp.uni-trier.de/pid/157/1091.html
41;Rachel Faran;https://dblp.uni-trier.de/pid/169/1212.html
42;Henning Fernau;https://dblp.uni-trier.de/pid/f/HenningFernau.html
43;Lakshmanan Kuppusamy;https://dblp.uni-trier.de/pid/82/730.html
44;Indhumathi Raman;https://dblp.uni-trier.de/pid/154/8959.html
45;Rudolf Freund;https://dblp.uni-trier.de/pid/84/472.html
46;Vladimir Rogojin;https://dblp.uni-trier.de/pid/78/1278.html
47;Sergey Verlan;https://dblp.uni-trier.de/pid/74/5151.html
48;Kitti Gelle;https://dblp.uni-trier.de/pid/169/9750.html
49;Szabolcs Iván;https://dblp.uni-trier.de/pid/09/1881.html
50;Hwee Kim;https://dblp.uni-trier.de/pid/139/8245.html
51;Trent A. Rogers;https://dblp.uni-trier.de/pid/131/6588.html
52;Shinnosuke Seki;https://dblp.uni-trier.de/pid/70/1118.html
53;Jozef Jirásek Jr.;https://dblp.uni-trier.de/pid/182/6176.html
54;Matús Palmovský;https://dblp.uni-trier.de/pid/133/6735.html
55;Juraj Sebej;https://dblp.uni-trier.de/pid/60/9959.html
56;Ivana Krajnáková;https://dblp.uni-trier.de/pid/147/8411.html
57;Galina Jirásková;https://dblp.uni-trier.de/pid/j/GJiraskova.html
58;Kent Kwee;https://dblp.uni-trier.de/pid/163/7357.html
59;Friedrich Otto;https://dblp.uni-trier.de/pid/03/67.html
60;Giovanna J. Lavado;https://dblp.uni-trier.de/pid/31/10763.html
61;Luca Prigioniero;https://dblp.uni-trier.de/pid/182/9958.html
62;Laurette Marais;https://dblp.uni-trier.de/pid/178/0990.html
63;Lynette van Zijl;https://dblp.uni-trier.de/pid/02/4801.html
64;Marina I. Maslennikova;https://dblp.uni-trier.de/pid/129/1491.html
65;Turlough Neary;https://dblp.uni-trier.de/pid/n/TurloughNeary.html
66;Timothy Ng;https://dblp.uni-trier.de/pid/157/6118-1.html
67;David Rappaport;https://dblp.uni-trier.de/pid/92/900.html
68;Detlef Wotschke;https://dblp.uni-trier.de/pid/35/5696.html
69;Juraj Hromkovic;https://dblp.uni-trier.de/pid/h/JurajHromkovic.html
70;Alexander Meduna;https://dblp.uni-trier.de/pid/05/2606.html
71;Henry N. Adorna;https://dblp.uni-trier.de/pid/81/252.html
72;K. Arthi;https://dblp.uni-trier.de/pid/62/5718.html
73;Kamala Krithivasan;https://dblp.uni-trier.de/pid/k/KKrithivasan.html
74;Erzsébet Csuhaj-Varjú;https://dblp.uni-trier.de/pid/54/5347.html
75;Henning Bordihn;https://dblp.uni-trier.de/pid/49/1455.html
76;Bernd Reichel;https://dblp.uni-trier.de/pid/67/3878.html
77;Michael Domaratzki;https://dblp.uni-trier.de/pid/30/3872.html
78;Derek Kisman;https://dblp.uni-trier.de/pid/39/1283.html
79;Jeffrey O. Shallit;https://dblp.uni-trier.de/pid/s/JeffreyShallit.html
80;Kosaburo Hashiguchi;https://dblp.uni-trier.de/pid/98/6078.html
81;Takahiro Kunai;https://dblp.uni-trier.de/pid/23/6046.html
82;Shuji Jimbo;https://dblp.uni-trier.de/pid/77/5163.html
83;Hing Leung;https://dblp.uni-trier.de/pid/14/3402.html
84;Viktor Podolskiy;https://dblp.uni-trier.de/pid/92/2921.html
85;Andreas Malcher;https://dblp.uni-trier.de/pid/58/2201.html
86;Carlos Martín-Vide;https://dblp.uni-trier.de/pid/45/476.html
87;Victor Mitrana;https://dblp.uni-trier.de/pid/86/4985.html
88;Carlo Mereghetti;https://dblp.uni-trier.de/pid/96/438.html
89;Beatrice Palano;https://dblp.uni-trier.de/pid/97/5115.html
90;Jakub Neumann;https://dblp.uni-trier.de/pid/53/1373.html
91;Andrzej Szepietowski;https://dblp.uni-trier.de/pid/96/2354.html
92;Martin Plátek;https://dblp.uni-trier.de/pid/16/613.html
93;Frantisek Mráz;https://dblp.uni-trier.de/pid/38/5599.html
94;M. Sakthi Balan;https://dblp.uni-trier.de/pid/b/MSakthiBalan.html
95;Patrice Séébold;https://dblp.uni-trier.de/pid/29/5559.html
96;Ferucio Laurentiu Tiplea;https://dblp.uni-trier.de/pid/16/4077.html
97;Erkki Mäkinen;https://dblp.uni-trier.de/pid/31/1171.html
98;Florin Manea;https://dblp.uni-trier.de/pid/67/4899.html
99;Eugenija A. Bondar;https://dblp.uni-trier.de/pid/183/0003.html
100;Mikhail V. Volkov;https://dblp.uni-trier.de/pid/78/4640.html
101;Gabriel Istrate;https://dblp.uni-trier.de/pid/35/5367.html
102;Cosmin Bonchis;https://dblp.uni-trier.de/pid/96/5410.html
103;Rafaela Bastos;https://dblp.uni-trier.de/pid/183/0038.html
104;Bo Liu;https://dblp.uni-trier.de/pid/58/2670-92.html
105;Aayush Rajasekaran;https://dblp.uni-trier.de/pid/173/4986.html
106;Marek Szykula;https://dblp.uni-trier.de/pid/97/10625.html
107;Zoltán Ésik;https://dblp.uni-trier.de/pid/e/ZoltanEsik.html
108;Rani Siromoney;https://dblp.uni-trier.de/pid/63/2789.html
109;K. G. Subramanian;https://dblp.uni-trier.de/pid/37/7013.html
110;Lukas Fleischer;https://dblp.uni-trier.de/pid/146/2156.html
111;Manfred Kufleitner;https://dblp.uni-trier.de/pid/79/477.html
112;Andrea Herrmann;https://dblp.uni-trier.de/pid/24/3228-2.html
113;Alexander Szabari;https://dblp.uni-trier.de/pid/01/880.html
114;Vojtech Vorel;https://dblp.uni-trier.de/pid/140/9811.html
115;Ravid Alon;https://dblp.uni-trier.de/pid/278/3584.html
116;Carla Selmi;https://dblp.uni-trier.de/pid/s/CSelmi.html
117;Ehud Cseresnyes;https://dblp.uni-trier.de/pid/278/3544.html
118;Hannes Seiwert;https://dblp.uni-trier.de/pid/217/0184.html
119;Manfred Droste;https://dblp.uni-trier.de/pid/d/ManfredDroste.html
120;Zoltán Fülöp;https://dblp.uni-trier.de/pid/f/ZoltanFulop1.html
121;Dávid Kószó;https://dblp.uni-trier.de/pid/255/4896.html
122;Heiko Vogler;https://dblp.uni-trier.de/pid/v/HeikoVogler.html
123;Jozef Jirásek;https://dblp.uni-trier.de/pid/45/123.html
124;Stanislav Krymski;https://dblp.uni-trier.de/pid/278/3602.html
125;Pierre Marcus;https://dblp.uni-trier.de/pid/263/9761.html
126;Ilkka Törmä;https://dblp.uni-trier.de/pid/20/11004.html
127;Elizaveta Sazhneva;https://dblp.uni-trier.de/pid/217/0450.html
128;Daniel Prusa;https://dblp.uni-trier.de/pid/50/6664.html
129;Josef Rukavicka;https://dblp.uni-trier.de/pid/10/10715.html
130;Taylor J. Smith;https://dblp.uni-trier.de/pid/176/5446.html
131;Ludwig Staiger;https://dblp.uni-trier.de/pid/s/LudwigStaiger.html
132;Martin Vu;https://dblp.uni-trier.de/pid/244/2650.html
133;Jarkko Kari;https://dblp.uni-trier.de/pid/k/JarkkoKari.html
134;Stefan Schwoon;https://dblp.uni-trier.de/pid/39/5299.html
135;César Rodríguez;https://dblp.uni-trier.de/pid/74/9958.html
136;Denis Thérien;https://dblp.uni-trier.de/pid/t/DenisTherien.html
137;Levent Alpoge;https://dblp.uni-trier.de/pid/30/9368.html
138;Thomas Ang;https://dblp.uni-trier.de/pid/90/7479.html
139;Luke Schaeffer;https://dblp.uni-trier.de/pid/18/9367.html
140;Fernando Arroyo;https://dblp.uni-trier.de/pid/74/2719.html
141;Juan Castellanos;https://dblp.uni-trier.de/pid/04/1903.html
142;Zuzana Bednárová;https://dblp.uni-trier.de/pid/44/9959.html
143;Baiyu Li;https://dblp.uni-trier.de/pid/42/8016.html
144;Yuli Ye;https://dblp.uni-trier.de/pid/23/5064.html
145;Jean-Marc Champarnaud;https://dblp.uni-trier.de/pid/30/6143.html
146;Jean-Philippe Dubernard;https://dblp.uni-trier.de/pid/86/106.html
147;Franck Guingne;https://dblp.uni-trier.de/pid/50/6237.html
148;Hadrien Jeanne;https://dblp.uni-trier.de/pid/16/2622.html
149;György Vaszil;https://dblp.uni-trier.de/pid/85/2384.html
150;Bianca Truthe;https://dblp.uni-trier.de/pid/86/3096.html
151;Erik D. Demaine;https://dblp.uni-trier.de/pid/d/ErikDDemaine.html
152;Sarah Eisenstat;https://dblp.uni-trier.de/pid/22/9365.html
153;David A. Wilson;https://dblp.uni-trier.de/pid/22/5583.html
154;Yuan Gao;https://dblp.uni-trier.de/pid/76/2452-1.html
155;Sheng Yu;https://dblp.uni-trier.de/pid/y/ShengYu.html
156;Radu Gramatovici;https://dblp.uni-trier.de/pid/93/5012.html
157;Oscar H. Ibarra;https://dblp.uni-trier.de/pid/i/OscarHIbarra.html
158;Nicholas Q. Trân;https://dblp.uni-trier.de/pid/t/NicholasQTran.html
159;Tomás Masopust;https://dblp.uni-trier.de/pid/34/5542.html
160;Michal Kunc;https://dblp.uni-trier.de/pid/82/3483.html
161;Kamal Lodaya;https://dblp.uni-trier.de/pid/l/KamalLodaya.html
162;Madhavan Mukund;https://dblp.uni-trier.de/pid/53/2323.html
163;Ramchandra Phawade;https://dblp.uni-trier.de/pid/73/9959.html
164;Xiaoxue Piao;https://dblp.uni-trier.de/pid/55/7265.html
165;Shankara Narayanan Krishna;https://dblp.uni-trier.de/pid/k/SNKrishna.html
166;Gabriel Ciobanu;https://dblp.uni-trier.de/pid/c/GCiobanu.html
167;Sherzod Turaev;https://dblp.uni-trier.de/pid/20/5646.html
168;Mohd Hasan Selamat;https://dblp.uni-trier.de/pid/92/1411.html
169;Maris Valdats;https://dblp.uni-trier.de/pid/33/4668.html
170;Jirí Wiedermann;https://dblp.uni-trier.de/pid/w/JiriWiedermann.html
171;Helmut Jürgensen;https://dblp.uni-trier.de/pid/j/HJurgensen.html
172;Markus E. Nebel;https://dblp.uni-trier.de/pid/72/838.html
173;Dana Pardubská;https://dblp.uni-trier.de/pid/21/4074.html
174;Marco Almeida;https://dblp.uni-trier.de/pid/53/3527.html
175;Marion Oswald;https://dblp.uni-trier.de/pid/97/5256.html
176;Jens Reimann;https://dblp.uni-trier.de/pid/49/3748.html
177;Remco Loos;https://dblp.uni-trier.de/pid/08/3689.html
178;Taishin Y. Nishida;https://dblp.uni-trier.de/pid/62/4516.html
179;Gheorghe Paun;https://dblp.uni-trier.de/pid/p/GPaun.html
180;Mario J. Pérez-Jiménez;https://dblp.uni-trier.de/pid/p/MarioJPerezJimenez.html
181;Takashi Yokomori;https://dblp.uni-trier.de/pid/53/5726.html
182;Kostyantyn Archangelsky;https://dblp.uni-trier.de/pid/18/67.html
183;Ralf Stiebe;https://dblp.uni-trier.de/pid/s/RStiebe.html
184;Jirí Techet;https://dblp.uni-trier.de/pid/61/3248.html
185;Piotr Faliszewski;https://dblp.uni-trier.de/pid/58/2379.html
186;Lane A. Hemaspaandra;https://dblp.uni-trier.de/pid/h/LaneAHemaspaandra.html
187;Vinod Chirayath;https://dblp.uni-trier.de/pid/95/10306.html
188;Luc Longpré;https://dblp.uni-trier.de/pid/l/LLongpre.html
189;Tanbir Ahmed;https://dblp.uni-trier.de/pid/82/9223.html
190;Gösta Grahne;https://dblp.uni-trier.de/pid/g/GostaGrahne.html
191;Franziska Biegler;https://dblp.uni-trier.de/pid/37/153.html
192;Michael J. Burrell;https://dblp.uni-trier.de/pid/82/2927.html
193;Mark Daley;https://dblp.uni-trier.de/pid/d/MarkDaley.html
194;Ian McQuillan;https://dblp.uni-trier.de/pid/85/1477.html
195;Haiming Chen;https://dblp.uni-trier.de/pid/75/248.html
196;Mihai Ionescu;https://dblp.uni-trier.de/pid/i/MihaiIonescu.html
197;Andrei Paun;https://dblp.uni-trier.de/pid/93/263.html
198;Bianca Popa;https://dblp.uni-trier.de/pid/83/4617.html
199;Alessandra Cherubini;https://dblp.uni-trier.de/pid/09/906.html
200;Andrzej Kisielewicz;https://dblp.uni-trier.de/pid/83/2770.html
201;Brendan J. Cordy;https://dblp.uni-trier.de/pid/62/3990.html
202;Derick Wood;https://dblp.uni-trier.de/pid/w/DerickWood.html
203;J. Kavitha;https://dblp.uni-trier.de/pid/24/10307.html
204;L. Jeganathan;https://dblp.uni-trier.de/pid/23/2173.html
205;G. Sethuraman;https://dblp.uni-trier.de/pid/58/1625.html
206;Frank Nießner;https://dblp.uni-trier.de/pid/44/40.html
207;Ulrich Ultes-Nitsche;https://dblp.uni-trier.de/pid/u/UlrichUltesNitsche.html
208;Jason R. Smith;https://dblp.uni-trier.de/pid/59/3307.html
209;Brian Cloteaux;https://dblp.uni-trier.de/pid/04/3095.html
210;Desh Ranjan;https://dblp.uni-trier.de/pid/r/DeshRanjan.html
211;Hermann Gruber;https://dblp.uni-trier.de/pid/86/1702.html
212;Joachim Kupke;https://dblp.uni-trier.de/pid/14/2009.html
213;Przemyslaw Prusinkiewicz;https://dblp.uni-trier.de/pid/94/892.html
214;Mitra Shirmohammadi;https://dblp.uni-trier.de/pid/51/8397.html
215;Faramarz Samavati;https://dblp.uni-trier.de/pid/s/FaramarzFSamavati.html
216;Martin Kappes;https://dblp.uni-trier.de/pid/10/4683.html
217;Cristian Calude;https://dblp.uni-trier.de/pid/c/CSCalude.html
218;Tania Roblot;https://dblp.uni-trier.de/pid/58/8397.html
219;Emilie Charlier;https://dblp.uni-trier.de/pid/77/94.html
220;Narad Rampersad;https://dblp.uni-trier.de/pid/00/341.html
221;Michel Rigo;https://dblp.uni-trier.de/pid/30/1875.html
222;Laurent Waxweiler;https://dblp.uni-trier.de/pid/39/7214.html
223;Bo Cui;https://dblp.uni-trier.de/pid/58/4730-1.html
224;Lila Kari;https://dblp.uni-trier.de/pid/k/LilaKari.html
225;Marian Kogler;https://dblp.uni-trier.de/pid/38/7589.html
226;Yurii Rogozhin;https://dblp.uni-trier.de/pid/88/6877.html
227;Sebastian Jakobi;https://dblp.uni-trier.de/pid/65/8396.html
228;Afroza Rahman;https://dblp.uni-trier.de/pid/44/8397.html
229;Ondrej Klíma;https://dblp.uni-trier.de/pid/186/0114.html
230;Libor Polák;https://dblp.uni-trier.de/pid/73/3073.html
231;Davide Nabais;https://dblp.uni-trier.de/pid/36/8397.html
232;Ronny Polley;https://dblp.uni-trier.de/pid/32/7392.html
233;Monika Krausová;https://dblp.uni-trier.de/pid/00/8398.html
234;Anna Kasprzik;https://dblp.uni-trier.de/pid/00/5527.html
235;Alberto Bertoni;https://dblp.uni-trier.de/pid/91/6093.html
236;Egon Börger;https://dblp.uni-trier.de/pid/b/EgonBorger.html
237;Georg Schnitger;https://dblp.uni-trier.de/pid/03/3584.html
238;Bettina Sunckel;https://dblp.uni-trier.de/pid/40/3907.html
239;Nicolae Santean;https://dblp.uni-trier.de/pid/s/NicolaeSantean.html
240;Berke Durak;https://dblp.uni-trier.de/pid/46/4657.html
241;Klaus Reinhardt;https://dblp.uni-trier.de/pid/r/KlausReinhardt.html
242;Gregor Gramlich;https://dblp.uni-trier.de/pid/86/5146.html
243;Ralf Herrmann;https://dblp.uni-trier.de/pid/85/5886.html
244;Miguel A. Gutiérrez-Naranjo;https://dblp.uni-trier.de/pid/27/3678.html
245;Agustin Riscos-Núñez;https://dblp.uni-trier.de/pid/89/6274.html
246;Gerhard Trippen;https://dblp.uni-trier.de/pid/07/2271.html
247;Marek Hricko;https://dblp.uni-trier.de/pid/53/10307.html
248;Christos A. Kapoutsis;https://dblp.uni-trier.de/pid/71/6552.html
249;Petr Sosík;https://dblp.uni-trier.de/pid/89/7033.html
250;Miklós Krész;https://dblp.uni-trier.de/pid/77/1889.html
251;Frank Drewes;https://dblp.uni-trier.de/pid/d/FrankDrewes.html
252;Pierre McKenzie;https://dblp.uni-trier.de/pid/14/1904.html
253;Klaus Sutner;https://dblp.uni-trier.de/pid/48/2296.html
254;David Liu;https://dblp.uni-trier.de/pid/09/1814-3.html
255;Liliana Cojocaru;https://dblp.uni-trier.de/pid/23/293.html
256;Hae-Sung Eom;https://dblp.uni-trier.de/pid/75/9494.html
257;Katja Meckel;https://dblp.uni-trier.de/pid/70/9958.html
258;Daniel Goc;https://dblp.uni-trier.de/pid/179/4995.html
259;Alexandros Palioudakis;https://dblp.uni-trier.de/pid/117/1658.html
260;Francisco Mota;https://dblp.uni-trier.de/pid/131/2328.html
261;Scott Aaronson;https://dblp.uni-trier.de/pid/56/1358.html
262;Luis Filipe Coelho Antunes;https://dblp.uni-trier.de/pid/a/LuisAntunes2.html
263;Andre Souto;https://dblp.uni-trier.de/pid/98/2804.html
264;Hamoon Mousavi;https://dblp.uni-trier.de/pid/79/10670.html
265;Robert S. R. Myers;https://dblp.uni-trier.de/pid/81/8748.html
266;Henning Urbat;https://dblp.uni-trier.de/pid/131/2343.html
267;Selim G. Akl;https://dblp.uni-trier.de/pid/a/SGAkl.html
268;Holger Petersen;https://dblp.uni-trier.de/pid/p/HolgerPetersen.html
269;Andrea Pisoni;https://dblp.uni-trier.de/pid/131/2454.html
270;Kristína Cevorová;https://dblp.uni-trier.de/pid/131/2471.html
271;Christel Baier;https://dblp.uni-trier.de/pid/b/ChristelBaier.html
272;Nathalie Bertrand;https://dblp.uni-trier.de/pid/b/NathalieBertrand1.html
273;Marcus Größer;https://dblp.uni-trier.de/pid/80/4123.html
274;John Jack;https://dblp.uni-trier.de/pid/47/2127.html
275;Fevzi Belli;https://dblp.uni-trier.de/pid/74/4321.html
276;Mutlu Beyazit;https://dblp.uni-trier.de/pid/38/7215.html
277;Andreas Klein;https://dblp.uni-trier.de/pid/78/5750-1.html
278;Pierluigi Frisco;https://dblp.uni-trier.de/pid/09/2388.html
279;Lubomíra Istonová;https://dblp.uni-trier.de/pid/76/7217.html
280;Eric Allender;https://dblp.uni-trier.de/pid/a/EAllender.html
281;Balasubramanian Ravikumar;https://dblp.uni-trier.de/pid/02/10306.html
282;Artiom Alhazov;https://dblp.uni-trier.de/pid/82/752.html
283;Maria Paola Bianchi;https://dblp.uni-trier.de/pid/70/8932.html
284;Elena Czeizler;https://dblp.uni-trier.de/pid/c/ElenaCzeizler.html
285;Eugen Czeizler;https://dblp.uni-trier.de/pid/c/EugenCzeizler.html
286;Takashi Emori;https://dblp.uni-trier.de/pid/55/10305.html
287;Guangwu Liu;https://dblp.uni-trier.de/pid/53/5708.html
288;András Faragó;https://dblp.uni-trier.de/pid/68/4393.html
289;Anand Mahendran;https://dblp.uni-trier.de/pid/30/9126.html
290;Akihiro Matsuura;https://dblp.uni-trier.de/pid/34/3859.html
291;Yusuke Saito;https://dblp.uni-trier.de/pid/47/4966.html
292;Jean-Baptiste Jeannin;https://dblp.uni-trier.de/pid/11/10454.html
293;Dexter Kozen;https://dblp.uni-trier.de/pid/k/DexterKozen.html
294;André Platzer;https://dblp.uni-trier.de/pid/55/950.html
295;Pedro V. Silva;https://dblp.uni-trier.de/pid/95/5592.html
296;Francine Blanchet-Sadri;https://dblp.uni-trier.de/pid/b/FBlanchetSadri.html
297;Sean Simmons;https://dblp.uni-trier.de/pid/20/7399.html
298;Ronny Harbich;https://dblp.uni-trier.de/pid/90/11042.html
299;Artur Jez;https://dblp.uni-trier.de/pid/74/6087.html
300;Lukás Vrábel;https://dblp.uni-trier.de/pid/53/10482.html
301;Petr Zemek;https://dblp.uni-trier.de/pid/70/9575.html
302;Kevin Lewi;https://dblp.uni-trier.de/pid/116/4837.html
303;Brink van der Merwe;https://dblp.uni-trier.de/pid/59/6051.html
304;Hellis Tamm;https://dblp.uni-trier.de/pid/56/5603.html
305;Lucian Ilie;https://dblp.uni-trier.de/pid/i/LucianIlie.html
306;Chandra M. R. Kintala;https://dblp.uni-trier.de/pid/35/3888.html
307;Georges Hansel;https://dblp.uni-trier.de/pid/h/GeorgesHansel.html
308;Faissal Ouardi;https://dblp.uni-trier.de/pid/48/3952.html
309;Djelloul Ziadi;https://dblp.uni-trier.de/pid/83/2086.html
310;Zhe Dang;https://dblp.uni-trier.de/pid/51/5888.html
311;Keith Ellul;https://dblp.uni-trier.de/pid/16/230.html
312;Ming-wei Wang;https://dblp.uni-trier.de/pid/45/3503.html
313;Vaka Jaya Prakash;https://dblp.uni-trier.de/pid/90/348.html
314;Michal Hospodár;https://dblp.uni-trier.de/pid/182/6122.html
315;Benedek Nagy;https://dblp.uni-trier.de/pid/06/6134.html
316;Simon Beier;https://dblp.uni-trier.de/pid/185/0479.html
317;Abhishek Madan;https://dblp.uni-trier.de/pid/222/1721.html
318;Daniel Gabric;https://dblp.uni-trier.de/pid/204/7521.html
319;Stepan Holub;https://dblp.uni-trier.de/pid/h/StepanHolub.html
320;Mathieu Hoyrup;https://dblp.uni-trier.de/pid/86/1356.html
321;Cristobal Rojas;https://dblp.uni-trier.de/pid/83/3605.html
322;Donald M. Stull;https://dblp.uni-trier.de/pid/121/3966.html
323;Mizuhito Ogawa;https://dblp.uni-trier.de/pid/55/2431.html
324;Petra Wolf;https://dblp.uni-trier.de/pid/47/6732-2.html
325;Tomoyuki Yamakami;https://dblp.uni-trier.de/pid/13/3203.html
326;Jozef Gruska;https://dblp.uni-trier.de/pid/g/JozefGruska.html
327;Alica Kelemenová;https://dblp.uni-trier.de/pid/85/5680.html
328;Thomas Paranthoën;https://dblp.uni-trier.de/pid/09/734.html
329;Raghavan Rama;https://dblp.uni-trier.de/pid/16/2187.html
330;Filippo Mera;https://dblp.uni-trier.de/pid/15/1213.html
331;Pál Dömösi;https://dblp.uni-trier.de/pid/84/253.html
332;Sándor Horváth;https://dblp.uni-trier.de/pid/54/6748.html
333;Masami Ito;https://dblp.uni-trier.de/pid/i/MasamiIto.html
334;Masashi Katsura;https://dblp.uni-trier.de/pid/44/4586.html
335;Maurice Margenstern;https://dblp.uni-trier.de/pid/m/MauriceMargenstern.html
336;Álvaro Romero Jiménez;https://dblp.uni-trier.de/pid/87/4203.html
337;Fernando Sancho-Caparrini;https://dblp.uni-trier.de/pid/36/1497.html
338;Thomas Colcombet;https://dblp.uni-trier.de/pid/89/5530.html
339;Juris Cernenoks;https://dblp.uni-trier.de/pid/163/7356.html
340;Janis Iraids;https://dblp.uni-trier.de/pid/77/9496.html
341;Martins Opmanis;https://dblp.uni-trier.de/pid/89/5695.html
342;Rihards Opmanis;https://dblp.uni-trier.de/pid/28/5327.html
343;Karlis Podnieks;https://dblp.uni-trier.de/pid/39/4892.html
344;Jacques Duparc;https://dblp.uni-trier.de/pid/30/5862.html
345;Kevin Fournier;https://dblp.uni-trier.de/pid/163/7390.html
346;Sebastian Eberhard;https://dblp.uni-trier.de/pid/142/2138.html
347;Stefan Hetzl;https://dblp.uni-trier.de/pid/94/3546.html
348;Joey Eremondi;https://dblp.uni-trier.de/pid/136/0877.html
349;Jozef Stefan Jirásek;https://dblp.uni-trier.de/pid/182/6176.html
350;Steffen Kopecki;https://dblp.uni-trier.de/pid/31/7223.html
351;Taisia Mischenko-Slatenkova;https://dblp.uni-trier.de/pid/01/8110.html
352;Alina Vasilieva;https://dblp.uni-trier.de/pid/23/8110.html
353;Ilja Kucevalovs;https://dblp.uni-trier.de/pid/00/9283.html
354;Rusins Freivalds;https://dblp.uni-trier.de/pid/64/1580.html
355;Peter Mlynárcik;https://dblp.uni-trier.de/pid/146/0422.html
356;Da-Jung Cho;https://dblp.uni-trier.de/pid/139/8217.html
357;Gabriela Asli Rino Nesin;https://dblp.uni-trier.de/pid/132/6969.html
358;Richard M. Thomas;https://dblp.uni-trier.de/pid/00/6434.html
359;Marcos Villagra;https://dblp.uni-trier.de/pid/28/5831.html
360;Juhani Karhumäki;https://dblp.uni-trier.de/pid/k/JuhaniKarhumaki.html
361;Andris Ambainis;https://dblp.uni-trier.de/pid/70/5481.html
362;Nikolay K. Vereshchagin;https://dblp.uni-trier.de/pid/24/6212.html
363;Farid M. Ablayev;https://dblp.uni-trier.de/pid/78/6502.html
364;Marat Ablayev;https://dblp.uni-trier.de/pid/144/7475.html
365;Aida Gainutdinova;https://dblp.uni-trier.de/pid/67/6378.html
366;Kamil Khadiev;https://dblp.uni-trier.de/pid/148/1881.html
367;Bogdan Aman;https://dblp.uni-trier.de/pid/40/1806.html
368;Angelo Borsotti;https://dblp.uni-trier.de/pid/64/7671.html
369;Luca Breveglieri;https://dblp.uni-trier.de/pid/06/4342.html
370;Stefano Crespi-Reghizzi;https://dblp.uni-trier.de/pid/c/SCrespiReghizzi.html
371;Angelo Morzenti;https://dblp.uni-trier.de/pid/m/AMorzenti.html
372;Gareth Davies;https://dblp.uni-trier.de/pid/34/8435-1.html
373;Enrico Formenti;https://dblp.uni-trier.de/pid/98/3810.html
374;Luca Manzoni;https://dblp.uni-trier.de/pid/49/8284.html
375;Antonio E. Porreca;https://dblp.uni-trier.de/pid/70/7551.html
376;Mai Gehrke;https://dblp.uni-trier.de/pid/14/2205.html
377;Andreas Krebs;https://dblp.uni-trier.de/pid/35/4442.html
378;Jean-Éric Pin;https://dblp.uni-trier.de/pid/95/3009.html
379;Ádám Dániel Lelkes;https://dblp.uni-trier.de/pid/147/5184.html
380;Judit Nagy-György;https://dblp.uni-trier.de/pid/64/4568.html
381;Balázs Szörényi;https://dblp.uni-trier.de/pid/90/1311.html
382;György Turán;https://dblp.uni-trier.de/pid/50/4701.html
383;Sergiu Ivanov;https://dblp.uni-trier.de/pid/49/9126-1.html
384;Elisabeth Pelz;https://dblp.uni-trier.de/pid/81/54.html
385;Jan Janousek;https://dblp.uni-trier.de/pid/21/1027.html
386;Borivoj Melichar;https://dblp.uni-trier.de/pid/78/5300.html
387;Radomír Polách;https://dblp.uni-trier.de/pid/148/1767.html
388;Martin Poliak;https://dblp.uni-trier.de/pid/148/1901.html
389;Jan Trávnícek;https://dblp.uni-trier.de/pid/48/10425.html
390;Prateek Karandikar;https://dblp.uni-trier.de/pid/44/10260.html
391;Philippe Schnoebelen;https://dblp.uni-trier.de/pid/s/PhSchnoebelen.html
392;Ha-Rim Lee;https://dblp.uni-trier.de/pid/148/1706.html
393;Balagopal Komarath;https://dblp.uni-trier.de/pid/124/2629.html
394;Jayalal Sarma;https://dblp.uni-trier.de/pid/75/2295.html
395;K. S. Sunil;https://dblp.uni-trier.de/pid/148/1810.html
396;Olga Dorzweiler;https://dblp.uni-trier.de/pid/148/1876.html
397;Thomas Flamm;https://dblp.uni-trier.de/pid/148/1747.html
398;Michael Ludwig;https://dblp.uni-trier.de/pid/98/4057.html
399;Juris Hartmanis;https://dblp.uni-trier.de/pid/84/5656.html
400;Kaizhong Zhang;https://dblp.uni-trier.de/pid/89/4269.html
401;Mark G. Eramian;https://dblp.uni-trier.de/pid/78/3954.html
402;Cristian Grozea;https://dblp.uni-trier.de/pid/63/6351.html
403;Madhu Mutyam;https://dblp.uni-trier.de/pid/m/MadhuMutyam.html
404;Andrew Martinez;https://dblp.uni-trier.de/pid/79/10307.html
405;Charlotte L. Miller;https://dblp.uni-trier.de/pid/59/3392.html
406;Mark-Jan Nederhof;https://dblp.uni-trier.de/pid/83/165.html
407;Giorgio Satta;https://dblp.uni-trier.de/pid/69/6644.html
408;Tara Brough;https://dblp.uni-trier.de/pid/90/9508.html
409;Louis-Marie Dando;https://dblp.uni-trier.de/pid/201/5390.html
410;Sylvain Lombardy;https://dblp.uni-trier.de/pid/54/1797.html
411;Miguel Ferreira;https://dblp.uni-trier.de/pid/19/7.html
412;Paolo Massazza;https://dblp.uni-trier.de/pid/43/4982.html
413;Massimiliano Goldwurm;https://dblp.uni-trier.de/pid/69/1383.html
414;Jianyi Lin;https://dblp.uni-trier.de/pid/98/4569.html
415;Marco Vignati;https://dblp.uni-trier.de/pid/223/1277.html
416;Bruno Guillon;https://dblp.uni-trier.de/pid/07/10360.html
417;Simon Wolfsteiner;https://dblp.uni-trier.de/pid/181/3362.html
418;Rishat Ibrahimov;https://dblp.uni-trier.de/pid/198/1000.html
419;Krisjanis Prusis;https://dblp.uni-trier.de/pid/142/3012.html
420;Christian Schneider;https://dblp.uni-trier.de/pid/21/3882.html
421;Duncan Adamson;https://dblp.uni-trier.de/pid/251/8661.html
422;Jérôme Durand-Lose;https://dblp.uni-trier.de/pid/d/JODurandLose.html
423;Szilárd Zsolt Fazekas;https://dblp.uni-trier.de/pid/27/4709.html
424;Robert Mercas;https://dblp.uni-trier.de/pid/20/2344.html
425;Pamela Fleischmann;https://dblp.uni-trier.de/pid/204/7523.html
426;Lukas Haschke;https://dblp.uni-trier.de/pid/272/4333.html
427;Annika Huch;https://dblp.uni-trier.de/pid/314/5417.html
428;Annika Mayrock;https://dblp.uni-trier.de/pid/314/5915.html
429;Dirk Nowotka;https://dblp.uni-trier.de/pid/91/2495.html
430;Dominika Palisínová;https://dblp.uni-trier.de/pid/327/2099.html
431;Viktor Olejar;https://dblp.uni-trier.de/pid/292/7939.html
432;Sungmin Kim;https://dblp.uni-trier.de/pid/49/4600.html
433;Mitja Mastnak;https://dblp.uni-trier.de/pid/166/1600.html
434;Asaf Petruschka;https://dblp.uni-trier.de/pid/327/1615.html
435;Hendrik Maarand;https://dblp.uni-trier.de/pid/199/2222.html
