Name;URL
<title>Kenny Zhuo Ming Lu</title>;'https://dblp.uni-trier.de/pid/l/ThierryLecroq.html'
<title>Hiroyuki Seki</title>;'https://dblp.uni-trier.de/pid/80/2956.html'
<title>Matthieu Picantin</title>;'https://dblp.uni-trier.de/pid/43/8172.html'
<title>Shufen Lee</title>;'https://dblp.uni-trier.de/pid/b/GvBochmann.html'
<title>Katja Meckel</title>;'https://dblp.uni-trier.de/pid/05/4174.html'
<title>Liliana Cojocaru</title>;'https://dblp.uni-trier.de/pid/244/2665.html'
<title>Ramaswamy Ramanujam</title>;'https://dblp.uni-trier.de/pid/24/5109.html'
<title>Öykü Yilmaz</title>;'https://dblp.uni-trier.de/pid/02/1922.html'
<title>Yusei Masuda</title>;'https://dblp.uni-trier.de/pid/75/286.html'
<title>Carlo Mereghetti</title>;'https://dblp.uni-trier.de/pid/77/3751.html'
<title>Damien Pous</title>;'https://dblp.uni-trier.de/pid/01/5162.html'
<title>Uwe Meyer 0003</title>;'https://dblp.uni-trier.de/pid/80/1808.html'
<title>Marek Szykula</title>;'https://dblp.uni-trier.de/pid/66/871.html'
<title>Nicolas Maquet</title>;'https://dblp.uni-trier.de/pid/02/5630.html'
<title>Diana Geneva</title>;'https://dblp.uni-trier.de/pid/57/9125.html'
<title>Birzhan Moldagaliyev</title>;'https://dblp.uni-trier.de/pid/03/67.html'
<title>Ricardo Ueda Karpischek</title>;'https://dblp.uni-trier.de/pid/13/6560.html'
<title>Milos Pajic</title>;'https://dblp.uni-trier.de/pid/201/5390.html'
<title>Henrik Björklund</title>;'https://dblp.uni-trier.de/pid/f/GianLuigiFerrari.html'
<title>Jean-Philippe Dubernard</title>;'https://dblp.uni-trier.de/pid/92/5606.html'
<title>Jan Antos</title>;'https://dblp.uni-trier.de/pid/56/545.html'
<title>Taro Suzuki</title>;'https://dblp.uni-trier.de/pid/75/5525.html'
<title>Claire Pagetti</title>;'https://dblp.uni-trier.de/pid/44/5225.html'
<title>Zeki Bayram</title>;'https://dblp.uni-trier.de/pid/t/PeterThiemann.html'
<title>Michael I. Schwartzbach</title>;'https://dblp.uni-trier.de/pid/v/JesusVilares.html'
<title>Thomas R. Fischer</title>;'https://dblp.uni-trier.de/pid/48/2296.html'
<title>Loek Cleophas</title>;'https://dblp.uni-trier.de/pid/321/6412.html'
<title>Martin Plátek</title>;'https://dblp.uni-trier.de/pid/38/5599.html'
<title>Adrian D. Thurston</title>;'https://dblp.uni-trier.de/pid/03/3972.html'
<title>Simone Semprini</title>;'https://dblp.uni-trier.de/pid/118/1344.html'
<title>Nina Yevtushenko 0001</title>;'https://dblp.uni-trier.de/pid/29/910.html'
<title>Fabien Coulon</title>;'https://dblp.uni-trier.de/pid/125/2364.html'
<title>Tom Sebastian</title>;'https://dblp.uni-trier.de/pid/64/3701.html'
<title>Radu Grosu</title>;'https://dblp.uni-trier.de/pid/85/2685.html'
<title>Andreas Maletti</title>;'https://dblp.uni-trier.de/pid/86/106.html'
<title>Oscar H. Ibarra</title>;'https://dblp.uni-trier.de/pid/s/ISimplotRyl.html'
<title>Marion Oswald</title>;'https://dblp.uni-trier.de/pid/147/8509.html'
<title>Yann Régis-Gianas</title>;'https://dblp.uni-trier.de/pid/58/4730-1.html'
<title>Shuhei Denzumi</title>;'https://dblp.uni-trier.de/pid/63/5655.html'
<title>Gian Luigi Ferrari</title>;'https://dblp.uni-trier.de/pid/92/768.html'
<title>Franziska Biegler</title>;'https://dblp.uni-trier.de/pid/b/DenisBechet.html'
<title>Markus Seuring</title>;'https://dblp.uni-trier.de/pid/a/PAAbdulla.html'
<title>Vincent Carnino</title>;'https://dblp.uni-trier.de/pid/55/10307.html'
<title>Hyeonseung Im</title>;'https://dblp.uni-trier.de/pid/43/2330.html'
<title>Stefano Varricchio</title>;'https://dblp.uni-trier.de/pid/58/3449.html'
<title>Marianne Flouret</title>;'https://dblp.uni-trier.de/pid/45/581.html'
<title>Shinnosuke Seki</title>;'https://dblp.uni-trier.de/pid/15/3639.html'
<title>David Liu</title>;'https://dblp.uni-trier.de/pid/82/3309.html'
<title>Frank Olivier</title>;'https://dblp.uni-trier.de/pid/80/1300.html'
<title>Henning Bordihn</title>;'https://dblp.uni-trier.de/pid/59/2499.html'
<title>Rob J. van Glabbeek</title>;'https://dblp.uni-trier.de/pid/61/1624.html'
<title>Yih-Kuen Tsay</title>;'https://dblp.uni-trier.de/pid/79/7504.html'
<title>Luca Saiu</title>;'https://dblp.uni-trier.de/pid/53/3527.html'
<title>Petr Kurka</title>;'https://dblp.uni-trier.de/pid/64/7671.html'
<title>Norbert Blum</title>;'https://dblp.uni-trier.de/pid/87/3323.html'
<title>Hadrien Jeanne</title>;'https://dblp.uni-trier.de/pid/22/3249.html'
<title>Vladimir V. Gusev</title>;'https://dblp.uni-trier.de/pid/v/MosheYVardi.html'
<title>Jeffrey O. Shallit</title>;'https://dblp.uni-trier.de/pid/54/4061.html'
<title>Ruhsan Onder</title>;'https://dblp.uni-trier.de/pid/h/FritzHenglein.html'
<title>Violetta Lonati</title>;'https://dblp.uni-trier.de/pid/292/6337.html'
<title>Richard Mörbitz</title>;'https://dblp.uni-trier.de/pid/l/MingLi1.html'
<title>Tayssir Touili</title>;'https://dblp.uni-trier.de/pid/85/5520.html'
<title>Ikuo Kawaharada</title>;'https://dblp.uni-trier.de/pid/78/3954.html'
<title>Louis-Noël Pouchet</title>;'https://dblp.uni-trier.de/pid/13/5665.html'
<title>Claudia Cauli</title>;'https://dblp.uni-trier.de/pid/65/3249.html'
<title>Jakub Ruszil</title>;'https://dblp.uni-trier.de/pid/83/563.html'
<title>Christel Baier</title>;'https://dblp.uni-trier.de/pid/63/2821.html'
<title>Michael Wehar</title>;'https://dblp.uni-trier.de/pid/44/90.html'
<title>Tim Fernando</title>;'https://dblp.uni-trier.de/pid/58/9670.html'
<title>Robert Ferens</title>;'https://dblp.uni-trier.de/pid/y/ShengYu.html'
<title>Ludovic Mignot</title>;'https://dblp.uni-trier.de/pid/51/1896.html'
<title>Avraham Trakhtman</title>;'https://dblp.uni-trier.de/pid/l/HsuehILu.html'
<title>Vikas Aggarwal</title>;'https://dblp.uni-trier.de/pid/296/0145.html'
<title>Nicolae Santean</title>;'https://dblp.uni-trier.de/pid/70/9958.html'
<title>Juan Otero Pombo</title>;'https://dblp.uni-trier.de/pid/07/5027.html'
<title>Stefan Gerdjikov</title>;'https://dblp.uni-trier.de/pid/08/2272.html'
<title>Alexandre Ja. Dikovsky</title>;'https://dblp.uni-trier.de/pid/28/3680.html'
<title>Francisco-Mario Barcala</title>;'https://dblp.uni-trier.de/pid/201/5360.html'
<title>Zoltán Ésik</title>;'https://dblp.uni-trier.de/pid/45/6004.html'
<title>Pierre-Cyrille Héam</title>;'https://dblp.uni-trier.de/pid/77/1889.html'
<title>André Kempe</title>;'https://dblp.uni-trier.de/pid/k/JoachimKlein1.html'
<title>Frank Katritzke</title>;'https://dblp.uni-trier.de/pid/54/2257.html'
<title>Johannes Waldmann</title>;'https://dblp.uni-trier.de/pid/140/7385.html'
<title>Fei Xie</title>;'https://dblp.uni-trier.de/pid/55/591.html'
<title>Richard Edwin Stearns</title>;'https://dblp.uni-trier.de/pid/81/1215.html'
<title>Colin de la Higuera</title>;'https://dblp.uni-trier.de/pid/d/FrankDrewes.html'
<title>Joachim Klein 0001</title>;'https://dblp.uni-trier.de/pid/i/LucianIlie.html'
<title>Jean-François Raskin</title>;'https://dblp.uni-trier.de/pid/30/5254.html'
<title>Ludwig Staiger</title>;'https://dblp.uni-trier.de/pid/64/1580.html'
<title>Marcel Vollweiler</title>;'https://dblp.uni-trier.de/pid/68/2186.html'
<title>António Machiavelo</title>;'https://dblp.uni-trier.de/pid/70/3307.html'
<title>Maxime Crochemore</title>;'https://dblp.uni-trier.de/pid/36/6517.html'
<title>B. Sundar Rajan</title>;'https://dblp.uni-trier.de/pid/131/2471.html'
<title>Joni Burnette Pirnot</title>;'https://dblp.uni-trier.de/pid/63/9638.html'
<title>Stavros Konstantinidis</title>;'https://dblp.uni-trier.de/pid/39/3884.html'
<title>Parosh Aziz Abdulla</title>;'https://dblp.uni-trier.de/pid/87/3812.html'
<title>Wojciech Rytter</title>;'https://dblp.uni-trier.de/pid/263/2917.html'
<title>Tadeusz Dobosz</title>;'https://dblp.uni-trier.de/pid/37/6148.html'
<title>Supaporn Chairungsee</title>;'https://dblp.uni-trier.de/pid/99/1040.html'
<title>Pierre Peterlongo</title>;'https://dblp.uni-trier.de/pid/t/YihKuenTsay.html'
<title>Yuki Ubukata</title>;'https://dblp.uni-trier.de/pid/83/2770.html'
<title>Cezar Câmpeanu</title>;'https://dblp.uni-trier.de/pid/30/3940.html'
<title>Angelo Borsotti</title>;'https://dblp.uni-trier.de/pid/132/2005.html'
<title>Jan Skryja</title>;'https://dblp.uni-trier.de/pid/153/1880.html'
<title>Jean-Luc Joly</title>;'https://dblp.uni-trier.de/pid/98/1205.html'
<title>Casey Meijer</title>;'https://dblp.uni-trier.de/pid/76/2452-1.html'
<title>Brink van der Merwe</title>;'https://dblp.uni-trier.de/pid/93/6579.html'
<title>Egor Dolzhenko</title>;'https://dblp.uni-trier.de/pid/70/5831-2.html'
<title>Pedro J. Moreno</title>;'https://dblp.uni-trier.de/pid/h/JHolub.html'
<title>Sebastian John</title>;'https://dblp.uni-trier.de/pid/74/4321.html'
<title>Jean-Marc Talbot</title>;'https://dblp.uni-trier.de/pid/n/JNiehren.html'
<title>Ahmed Bouajjani</title>;'https://dblp.uni-trier.de/pid/27/7026.html'
<title>Yuta Takahashi</title>;'https://dblp.uni-trier.de/pid/71/9491.html'
<title>Jan Supol</title>;'https://dblp.uni-trier.de/pid/86/6093.html'
<title>Juraj Sebej</title>;'https://dblp.uni-trier.de/pid/71/5675.html'
<title>Kaizhong Zhang</title>;'https://dblp.uni-trier.de/pid/27/606.html'
<title>Akio Fujiyoshi</title>;'https://dblp.uni-trier.de/pid/185/0479.html'
<title>Elena V. Pribavkina</title>;'https://dblp.uni-trier.de/pid/61/3416.html'
<title>Sylvain Lombardy</title>;'https://dblp.uni-trier.de/pid/g/AlfonsGeser.html'
<title>Aidan Shackleton</title>;'https://dblp.uni-trier.de/pid/23/6190.html'
<title>Maria Pittou</title>;'https://dblp.uni-trier.de/pid/76/2598.html'
<title>Makoto Murata</title>;'https://dblp.uni-trier.de/pid/92/4408.html'
<title>Axel Legay</title>;'https://dblp.uni-trier.de/pid/23/584.html'
<title>Gertjan van Noord</title>;'https://dblp.uni-trier.de/pid/35/4166.html'
<title>Manuel Vazquez de Parga</title>;'https://dblp.uni-trier.de/pid/07/3368.html'
<title>Olivier Carton</title>;'https://dblp.uni-trier.de/pid/68/5692.html'
<title>Sebastian Maneth</title>;'https://dblp.uni-trier.de/pid/24/3232.html'
<title>Ruben Urizar</title>;'https://dblp.uni-trier.de/pid/92/5487.html'
<title>Sylvain Schmitz</title>;'https://dblp.uni-trier.de/pid/48/1067.html'
<title>Pawel Gawrychowski</title>;'https://dblp.uni-trier.de/pid/165/8656.html'
<title>Hillel Kugler</title>;'https://dblp.uni-trier.de/pid/d/MarkDaley.html'
<title>Matthias Wendlandt</title>;'https://dblp.uni-trier.de/pid/16/1677.html'
<title>Georgios Ch. Sirakoulis</title>;'https://dblp.uni-trier.de/pid/61/3074.html'
<title>José Bacelar Almeida</title>;'https://dblp.uni-trier.de/pid/259/0271.html'
<title>Arnaud Bailly</title>;'https://dblp.uni-trier.de/pid/69/4259.html'
<title>Clément Miklarz</title>;'https://dblp.uni-trier.de/pid/51/1316.html'
<title>Lasse Nielsen</title>;'https://dblp.uni-trier.de/pid/19/7.html'
<title>Harumichi Nishimura</title>;'https://dblp.uni-trier.de/pid/67/6448.html'
<title>S. P. Suresh</title>;'https://dblp.uni-trier.de/pid/16/658.html'
<title>Ryan Dixon</title>;'https://dblp.uni-trier.de/pid/p/FernandoCNPereira.html'
<title>Miguel Ferreira</title>;'https://dblp.uni-trier.de/pid/97/5256.html'
<title>Giorgio Satta</title>;'https://dblp.uni-trier.de/pid/321/6043.html'
<title>Ernest Ketcha Ngassam</title>;'https://dblp.uni-trier.de/pid/265/9625.html'
<title>Gregor von Bochmann</title>;'https://dblp.uni-trier.de/pid/92/2418.html'
<title>Miklós Krész</title>;'https://dblp.uni-trier.de/pid/191/3141-1.html'
<title>Tomás Flouri</title>;'https://dblp.uni-trier.de/pid/318/2744.html'
<title>Tibor Csáki</title>;'https://dblp.uni-trier.de/pid/i/CSIliopoulos.html'
<title>Laurent Chauvier</title>;'https://dblp.uni-trier.de/pid/58/10670.html'
<title>Aloïs Dreyfus</title>;'https://dblp.uni-trier.de/pid/182/9958.html'
<title>Ashish Rastogi</title>;'https://dblp.uni-trier.de/pid/p/NPiterman.html'
<title>Bo Cui 0001</title>;'https://dblp.uni-trier.de/pid/09/4485.html'
<title>Gheorghe Paun</title>;'https://dblp.uni-trier.de/pid/65/3202.html'
<title>María Jesús Aranzabe</title>;'https://dblp.uni-trier.de/pid/94/756.html'
<title>Giuseppe Perelli</title>;'https://dblp.uni-trier.de/pid/66/6771.html'
<title>Wolfgang Merzenich</title>;'https://dblp.uni-trier.de/pid/j/NatasaJonoska.html'
<title>Yanbing Liu</title>;'https://dblp.uni-trier.de/pid/91/3140.html'
<title>Johan Schalkwyk</title>;'https://dblp.uni-trier.de/pid/212/4580.html'
<title>Ingmar Meinecke</title>;'https://dblp.uni-trier.de/pid/89/7033.html'
<title>Gérard Duchamp</title>;'https://dblp.uni-trier.de/pid/176/8779.html'
<title>John-Paul Harper</title>;'https://dblp.uni-trier.de/pid/20/2564.html'
<title>Guillaume Bonfante</title>;'https://dblp.uni-trier.de/pid/o/JOteroP.html'
<title>Anna Jonsson</title>;'https://dblp.uni-trier.de/pid/75/2199.html'
<title>Matti Nykänen</title>;'https://dblp.uni-trier.de/pid/20/2344.html'
<title>X. Xiong</title>;'https://dblp.uni-trier.de/pid/r/SusanHRodger.html'
<title>Mitja Mastnak</title>;'https://dblp.uni-trier.de/pid/23/6419.html'
<title>Stefano Scafiti</title>;'https://dblp.uni-trier.de/pid/g/PaulGastin.html'
<title>José M. Castaño</title>;'https://dblp.uni-trier.de/pid/95/2224.html'
<title>Rudolf Freund</title>;'https://dblp.uni-trier.de/pid/75/2891.html'
<title>Marcella Anselmo</title>;'https://dblp.uni-trier.de/pid/s/AyumiShinohara.html'
<title>Hans Zantema</title>;'https://dblp.uni-trier.de/pid/67/335.html'
<title>Satoru Miyamoto</title>;'https://dblp.uni-trier.de/pid/06/150.html'
<title>Annie Foret</title>;'https://dblp.uni-trier.de/pid/46/1053.html'
<title>Andrzej Kisielewicz 0001</title>;'https://dblp.uni-trier.de/pid/19/81.html'
<title>Francesca Fiorenzi</title>;'https://dblp.uni-trier.de/pid/21/8279.html'
<title>Grzegorz Madejski</title>;'https://dblp.uni-trier.de/pid/02/929-1.html'
<title>Fritz Henglein</title>;'https://dblp.uni-trier.de/pid/13/6695.html'
<title>Nathanaël Fijalkow</title>;'https://dblp.uni-trier.de/pid/t/AvrahamTrakhtman.html'
<title>André Almeida</title>;'https://dblp.uni-trier.de/pid/n/NelmaMoreira.html'
<title>Miroslav Balík</title>;'https://dblp.uni-trier.de/pid/48/2968.html'
<title>Richard A. Kemmerer</title>;'https://dblp.uni-trier.de/pid/132/1962.html'
<title>German Tischler</title>;'https://dblp.uni-trier.de/pid/97/5115.html'
<title>Hing Leung</title>;'https://dblp.uni-trier.de/pid/59/6488.html'
<title>Jozef Jirásek 0001</title>;'https://dblp.uni-trier.de/pid/77/5317.html'
<title>Simon Beier</title>;'https://dblp.uni-trier.de/pid/38/4538.html'
<title>Markus Teichmann</title>;'https://dblp.uni-trier.de/pid/37/4530.html'
<title>Sandro Pedrazzini</title>;'https://dblp.uni-trier.de/pid/w/ReinhardWilhelm.html'
<title>Nicholas Q. Trân</title>;'https://dblp.uni-trier.de/pid/h/DieterHofbauer.html'
<title>Fernando Pereira 0003</title>;'https://dblp.uni-trier.de/pid/95/4315.html'
<title>Edmund Grimley-Evans</title>;'https://dblp.uni-trier.de/pid/91/5828.html'
<title>Bin Ma</title>;'https://dblp.uni-trier.de/pid/r/MohammadSohelRahman.html'
<title>Louis-Marie Dando</title>;'https://dblp.uni-trier.de/pid/49/4575.html'
<title>Mohamed Faouzi Atig</title>;'https://dblp.uni-trier.de/pid/133/7342.html'
<title>Jing Cao</title>;'https://dblp.uni-trier.de/pid/24/616.html'
<title>Grzegorz Rozenberg</title>;'https://dblp.uni-trier.de/pid/249/5768.html'
<title>Yong Sun</title>;'https://dblp.uni-trier.de/pid/68/3528.html'
<title>Pierre-Alain Reynier</title>;'https://dblp.uni-trier.de/pid/11/4474.html'
<title>Mark G. Eramian</title>;'https://dblp.uni-trier.de/pid/52/5687.html'
<title>Nathalie Friburger</title>;'https://dblp.uni-trier.de/pid/13/471.html'
<title>Takaaki Nishimoto</title>;'https://dblp.uni-trier.de/pid/84/4048.html'
<title>Bas Ploeger</title>;'https://dblp.uni-trier.de/pid/13/1566.html'
<title>Emil Lerner</title>;'https://dblp.uni-trier.de/pid/07/536.html'
<title>Yasuhiko Minamide</title>;'https://dblp.uni-trier.de/pid/30/6143.html'
<title>Valérie Murat</title>;'https://dblp.uni-trier.de/pid/65/8396.html'
<title>Cyril Allauzen</title>;'https://dblp.uni-trier.de/pid/b/JeanBerstel.html'
<title>Florent Jacquemard</title>;'https://dblp.uni-trier.de/pid/00/5897.html'
<title>John Lawrence</title>;'https://dblp.uni-trier.de/pid/26/6700.html'
<title>Alexander Szabari</title>;'https://dblp.uni-trier.de/pid/48/4007.html'
<title>Nadia Nedjah</title>;'https://dblp.uni-trier.de/pid/d/GerardDuchamp.html'
<title>Tomoyuki Yamakami</title>;'https://dblp.uni-trier.de/pid/40/2574.html'
<title>Marzio De Biasi</title>;'https://dblp.uni-trier.de/pid/93/11142.html'
<title>Iñaki Alegria</title>;'https://dblp.uni-trier.de/pid/55/5282.html'
<title>Jakub Waszczuk</title>;'https://dblp.uni-trier.de/pid/24/10259.html'
<title>Romuald Boné</title>;'https://dblp.uni-trier.de/pid/c/LoekCleophas.html'
<title>Johanna Björklund</title>;'https://dblp.uni-trier.de/pid/96/2152.html'
<title>Jim Morey</title>;'https://dblp.uni-trier.de/pid/42/2723.html'
<title>Igor Litovsky</title>;'https://dblp.uni-trier.de/pid/29/9960.html'
<title>Laetitia Laversa</title>;'https://dblp.uni-trier.de/pid/50/6664.html'
<title>Gabriel Thierrin</title>;'https://dblp.uni-trier.de/pid/96/395.html'
<title>Zoran Sunic</title>;'https://dblp.uni-trier.de/pid/33/713.html'
<title>Jens Glöckler</title>;'https://dblp.uni-trier.de/pid/k/LilaKari.html'
<title>Aniello Murano</title>;'https://dblp.uni-trier.de/pid/45/4452.html'
<title>Pierre Wolper</title>;'https://dblp.uni-trier.de/pid/44/4585.html'
<title>Ingo Pill</title>;'https://dblp.uni-trier.de/pid/09/1765.html'
<title>George Rahonis</title>;'https://dblp.uni-trier.de/pid/147/8536.html'
<title>Jean Berstel</title>;'https://dblp.uni-trier.de/pid/73/3804.html'
<title>Yusuke Inoue (disambiguation)</title>;'https://dblp.uni-trier.de/pid/55/1359.html'
<title>Philippe Andary</title>;'https://dblp.uni-trier.de/pid/69/8148.html'
<title>Pawel Baturo</title>;'https://dblp.uni-trier.de/pid/46/6328.html'
<title>Stefano Tonetta</title>;'https://dblp.uni-trier.de/pid/75/4604.html'
<title>Javier Miguel Sastre-Martínez</title>;'https://dblp.uni-trier.de/pid/27/1726.html'
<title>Catalin Ionut Tîrnauca</title>;'https://dblp.uni-trier.de/pid/32/1671.html'
<title>Michael Gössel</title>;'https://dblp.uni-trier.de/pid/13/2854.html'
<title>Hugo Gimbert</title>;'https://dblp.uni-trier.de/pid/55/9960.html'
<title>Max Silberztein</title>;'https://dblp.uni-trier.de/pid/73/962-1.html'
<title>Albert Nymeyer</title>;'https://dblp.uni-trier.de/pid/l/GaelleLargeteauSkapin.html'
<title>Timothy Sherwood</title>;'https://dblp.uni-trier.de/pid/07/5192.html'
<title>Hsu-Chun Yen</title>;'https://dblp.uni-trier.de/pid/65/4683.html'
<title>Strahil Ristov</title>;'https://dblp.uni-trier.de/pid/48/3952.html'
<title>Sylvie Hamel</title>;'https://dblp.uni-trier.de/pid/01/4388.html'
<title>Adam Roman</title>;'https://dblp.uni-trier.de/pid/h/MarkusHolzer1.html'
<title>Tomohiro I</title>;'https://dblp.uni-trier.de/pid/05/3181.html'
<title>Jonathan Lee 0005</title>;'https://dblp.uni-trier.de/pid/40/684.html'
<title>Olga Kouchnarenko</title>;'https://dblp.uni-trier.de/pid/f/ZoltanFulop1.html'
<title>David Harel</title>;'https://dblp.uni-trier.de/pid/37/9960.html'
<title>K. Sasidharan</title>;'https://dblp.uni-trier.de/pid/137/8219.html'
<title>Dmitry Dementyev</title>;'https://dblp.uni-trier.de/pid/157/8638.html'
<title>Tsung-Shan Tsou</title>;'https://dblp.uni-trier.de/pid/90/4218.html'
<title>R. C. Murphy</title>;'https://dblp.uni-trier.de/pid/73/3270.html'
<title>Lucian Ilie</title>;'https://dblp.uni-trier.de/pid/63/3208.html'
<title>Benjamin J. Wyatt</title>;'https://dblp.uni-trier.de/pid/v/HeikoVogler.html'
<title>Alessandro Cimatti</title>;'https://dblp.uni-trier.de/pid/21/1027.html'
<title>Matteo Pradella</title>;'https://dblp.uni-trier.de/pid/47/1298.html'
<title>Helmut Jürgensen</title>;'https://dblp.uni-trier.de/pid/41/6022.html'
<title>Didier Caucal</title>;'https://dblp.uni-trier.de/pid/39/8612.html'
<title>Matthieu Constant</title>;'https://dblp.uni-trier.de/pid/02/2880.html'
<title>Hans-Jörg Kreowski</title>;'https://dblp.uni-trier.de/pid/02/6009.html'
<title>José Alves</title>;'https://dblp.uni-trier.de/pid/19/892.html'
<title>Georgi Shopov</title>;'https://dblp.uni-trier.de/pid/06/5386.html'
<title>Pascal Caron</title>;'https://dblp.uni-trier.de/pid/87/1132.html'
<title>Oliver Matz</title>;'https://dblp.uni-trier.de/pid/82/9959.html'
<title>Baozhen Shan</title>;'https://dblp.uni-trier.de/pid/84/2622.html'
<title>Krzysztof Chmiel</title>;'https://dblp.uni-trier.de/pid/54/7174.html'
<title>Madhav V. Marathe</title>;'https://dblp.uni-trier.de/pid/75/5525.html'
<title>Gaëlle Skapin</title>;'https://dblp.uni-trier.de/pid/21/4601.html'
<title>Corwin Sinnamon</title>;'https://dblp.uni-trier.de/pid/07/6238.html'
<title>Patrick Hütten</title>;'https://dblp.uni-trier.de/pid/89/7966.html'
<title>Mohamed Zergaoui</title>;'https://dblp.uni-trier.de/pid/176/5446.html'
<title>Kira Goldner</title>;'https://dblp.uni-trier.de/pid/94/5421.html'
<title>Dawid Weiss</title>;'https://dblp.uni-trier.de/pid/r/GrzegorzRozenberg.html'
<title>Cheng Li (disambiguation)</title>;'https://dblp.uni-trier.de/pid/38/7215.html'
<title>Maciej Troc</title>;'https://dblp.uni-trier.de/pid/81/6429.html'
<title>Laurent Bartholdi</title>;'https://dblp.uni-trier.de/pid/t/JMTalbot.html'
<title>Jason Eisner</title>;'https://dblp.uni-trier.de/pid/89/4269.html'
<title>Cyril Nicaud</title>;'https://dblp.uni-trier.de/pid/296/0452.html'
<title>Miguel A. Alonso 0001</title>;'https://dblp.uni-trier.de/pid/h/YoSubHan.html'
<title>Teodora Nasz</title>;'https://dblp.uni-trier.de/pid/c/BCourcelle.html'
<title>Kanduru V. Krishna</title>;'https://dblp.uni-trier.de/pid/33/2837.html'
<title>Binxing Fang</title>;'https://dblp.uni-trier.de/pid/51/7703.html'
<title>François Barthélemy</title>;'https://dblp.uni-trier.de/pid/k/JuhaniKarhumaki.html'
<title>Tomás Masopust</title>;'https://dblp.uni-trier.de/pid/55/6739.html'
<title>Sebastian Jakobi</title>;'https://dblp.uni-trier.de/pid/67/55.html'
<title>Francine Blanchet-Sadri</title>;'https://dblp.uni-trier.de/pid/85/1477.html'
<title>Hsueh-I Lu</title>;'https://dblp.uni-trier.de/pid/20/1900.html'
<title>Geng-Dian Hwang</title>;'https://dblp.uni-trier.de/pid/223/4971.html'
<title>Qichao Wang</title>;'https://dblp.uni-trier.de/pid/91/2771.html'
<title>Hing-Fung Ting</title>;'https://dblp.uni-trier.de/pid/64/3333.html'
<title>Lynette van Zijl</title>;'https://dblp.uni-trier.de/pid/48/3591.html'
<title>Agata Savary</title>;'https://dblp.uni-trier.de/pid/292/8936.html'
<title>Andreas Reuß</title>;'https://dblp.uni-trier.de/pid/147/8587.html'
<title>Jesús Vilares</title>;'https://dblp.uni-trier.de/pid/02/6397.html'
<title>Sven De Felice</title>;'https://dblp.uni-trier.de/pid/86/8147.html'
<title>Petter Ericson</title>;'https://dblp.uni-trier.de/pid/09/1881.html'
<title>Andrew Winslow</title>;'https://dblp.uni-trier.de/pid/91/5747.html'
<title>Harald Hempel</title>;'https://dblp.uni-trier.de/pid/c/CSCalude.html'
<title>Vladimir A. Zakharov</title>;'https://dblp.uni-trier.de/pid/05/4417.html'
<title>David Cabrero Souto</title>;'https://dblp.uni-trier.de/pid/04/2667-1.html'
<title>Christoph Koch 0001</title>;'https://dblp.uni-trier.de/pid/s/MagnusSteinby.html'
<title>Michael Riley 0001</title>;'https://dblp.uni-trier.de/pid/40/1264.html'
<title>Chih-Hong Cheng</title>;'https://dblp.uni-trier.de/pid/47/3237.html'
<title>Daniel J. Rosenkrantz</title>;'https://dblp.uni-trier.de/pid/n/NadiaNedjah.html'
<title>Guowu Yang</title>;'https://dblp.uni-trier.de/pid/203/8161.html'
<title>Filippo Mignosi</title>;'https://dblp.uni-trier.de/pid/321/6311.html'
<title>Anne Brüggemann-Klein</title>;'https://dblp.uni-trier.de/pid/v/MVilaresF.html'
<title>Andrew Ryzhikov</title>;'https://dblp.uni-trier.de/pid/03/5448.html'
<title>Holger Bock Axelsen</title>;'https://dblp.uni-trier.de/pid/01/4421.html'
<title>Miklós Bartha</title>;'https://dblp.uni-trier.de/pid/c/KarelCulikII.html'
<title>Clemens Marschner</title>;'https://dblp.uni-trier.de/pid/h/HaraldHempel.html'
<title>James Jerson Ortiz</title>;'https://dblp.uni-trier.de/pid/265/6260.html'
<title>Maria Madonia</title>;'https://dblp.uni-trier.de/pid/59/3949.html'
<title>Brigitte Le Pévédic</title>;'https://dblp.uni-trier.de/pid/31/4878.html'
<title>Rupak Majumdar</title>;'https://dblp.uni-trier.de/pid/02/4801.html'
<title>Abolfazl Fatholahzadeh</title>;'https://dblp.uni-trier.de/pid/43/6032.html'
<title>Costas S. Iliopoulos</title>;'https://dblp.uni-trier.de/pid/133/6735.html'
<title>Thierry Poibeau</title>;'https://dblp.uni-trier.de/pid/79/2132.html'
<title>J. Howard Johnson</title>;'https://dblp.uni-trier.de/pid/45/4788.html'
<title>Vesna Pajic</title>;'https://dblp.uni-trier.de/pid/225/6395.html'
<title>Akihiko Tozawa</title>;'https://dblp.uni-trier.de/pid/223/4929.html'
<title>Gonzalo Navarro</title>;'https://dblp.uni-trier.de/pid/63/548.html'
<title>Mans Hulden</title>;'https://dblp.uni-trier.de/pid/77/6082.html'
<title>Abejide Ade-Ibijola</title>;'https://dblp.uni-trier.de/pid/22/5953.html'
<title>Fevzi Belli</title>;'https://dblp.uni-trier.de/pid/r/BSundarRajan.html'
<title>Heiko Körner</title>;'https://dblp.uni-trier.de/pid/228/6835.html'
<title>Riccardo Catalano</title>;'https://dblp.uni-trier.de/pid/03/828.html'
<title>Ömer Egecioglu</title>;'https://dblp.uni-trier.de/pid/89/931.html'
<title>Sylvie Davies</title>;'https://dblp.uni-trier.de/pid/165/8675.html'
<title>Sicheol Sung</title>;'https://dblp.uni-trier.de/pid/79/477.html'
<title>Johann Deneux</title>;'https://dblp.uni-trier.de/pid/77/3565.html'
<title>Yuan Gao 0001</title>;'https://dblp.uni-trier.de/pid/93/263.html'
<title>Vincent Hugot</title>;'https://dblp.uni-trier.de/pid/19/4109.html'
<title>Patrick Henry</title>;'https://dblp.uni-trier.de/pid/24/4309.html'
<title>Christian Rauch</title>;'https://dblp.uni-trier.de/pid/87/254.html'
<title>Tomás Vojnar</title>;'https://dblp.uni-trier.de/pid/k/ShmuelTomiKlein.html'
<title>Magnus Steinby</title>;'https://dblp.uni-trier.de/pid/c/SCrespiReghizzi.html'
<title>Houda Abbad</title>;'https://dblp.uni-trier.de/pid/76/6823.html'
<title>Angelo Morzenti</title>;'https://dblp.uni-trier.de/pid/62/8217.html'
<title>Oliver Boldt</title>;'https://dblp.uni-trier.de/pid/49/4386.html'
<title>Evgeny Tipikin</title>;'https://dblp.uni-trier.de/pid/25/140.html'
<title>Dominique Geniet</title>;'https://dblp.uni-trier.de/pid/47/6609.html'
<title>Borivoj Melichar</title>;'https://dblp.uni-trier.de/pid/32/6061.html'
<title>Nir Piterman</title>;'https://dblp.uni-trier.de/pid/33/5963.html'
<title>François Bertault</title>;'https://dblp.uni-trier.de/pid/49/690.html'
<title>Justin DeBenedetto</title>;'https://dblp.uni-trier.de/pid/f/MirianHalfeldFerrariAlves.html'
<title>Juhani Karhumäki</title>;'https://dblp.uni-trier.de/pid/00/5474.html'
<title>Corinna Cortes</title>;'https://dblp.uni-trier.de/pid/02/312.html'
<title>Pedro García 0001</title>;'https://dblp.uni-trier.de/pid/61/5622.html'
<title>Dmitry Chistikov 0001</title>;'https://dblp.uni-trier.de/pid/24/2181.html'
<title>Géraud Sénizergues</title>;'https://dblp.uni-trier.de/pid/91/3645.html'
<title>Tadahiro Suda</title>;'https://dblp.uni-trier.de/pid/g/WilliamIGasarch.html'
<title>Ian Douglas Sanders</title>;'https://dblp.uni-trier.de/pid/k/ShmuelTomiKlein.html'
<title>Barbara Jobstmann</title>;'https://dblp.uni-trier.de/pid/b/ABruggemannKlein.html'
<title>Galina Jirásková</title>;'https://dblp.uni-trier.de/pid/80/61.html'
<title>Margareta Ackerman</title>;'https://dblp.uni-trier.de/pid/63/2301.html'
<title>Khaled El-Fakih</title>;'https://dblp.uni-trier.de/pid/k/GregoryKucherov.html'
<title>Joachim Niehren</title>;'https://dblp.uni-trier.de/pid/179/2511.html'
<title>Roderick Bloem</title>;'https://dblp.uni-trier.de/pid/98/6226.html'
<title>M. Utkan Gezer</title>;'https://dblp.uni-trier.de/pid/s/MichaelISchwartzbach.html'
<title>Faissal Ouardi</title>;'https://dblp.uni-trier.de/pid/161/6309.html'
<title>Benjamin Monmege</title>;'https://dblp.uni-trier.de/pid/66/1105.html'
<title>Nico Wallmeier</title>;'https://dblp.uni-trier.de/pid/79/5413.html'
<title>Massimiliano Goldwurm</title>;'https://dblp.uni-trier.de/pid/162/0238.html'
<title>Hannu Peltola</title>;'https://dblp.uni-trier.de/pid/46/4043.html'
<title>Keisuke Nakano 0001</title>;'https://dblp.uni-trier.de/pid/02/3376.html'
<title>Meriç Üngör</title>;'https://dblp.uni-trier.de/pid/35/5844.html'
<title>Mathieu Caralp</title>;'https://dblp.uni-trier.de/pid/37/1716.html'
<title>Emanuele Giaquinta</title>;'https://dblp.uni-trier.de/pid/o/JoseNunoOliveira.html'
<title>Anders Møller</title>;'https://dblp.uni-trier.de/pid/64/3883.html'
<title>Darrell R. Raymond</title>;'https://dblp.uni-trier.de/pid/10/994.html'
<title>Jonathan May</title>;'https://dblp.uni-trier.de/pid/g/JorgeGranaGil.html'
<title>Sævar Örn Kjartansson</title>;'https://dblp.uni-trier.de/pid/74/4110.html'
<title>Luiza de Macedo Mourelle</title>;'https://dblp.uni-trier.de/pid/38/3950.html'
<title>Jacques Farré</title>;'https://dblp.uni-trier.de/pid/68/4299.html'
<title>Luca Aceto</title>;'https://dblp.uni-trier.de/pid/14/133.html'
<title>Miri Kopel Ben-Nissan</title>;'https://dblp.uni-trier.de/pid/136/2163.html'
<title>Daniel Goc</title>;'https://dblp.uni-trier.de/pid/65/9125.html'
<title>Eva Maia</title>;'https://dblp.uni-trier.de/pid/d/ManfredDroste.html'
<title>Fedor M. Fominykh</title>;'https://dblp.uni-trier.de/pid/223/4899.html'
<title>Y. Gao (disambiguation)</title>;'https://dblp.uni-trier.de/pid/49/3088.html'
<title>Karel Culík II</title>;'https://dblp.uni-trier.de/pid/118/1311.html'
<title>Antoine Georgevail</title>;'https://dblp.uni-trier.de/pid/85/1157.html'
<title>Zoltán Fülöp 0001</title>;'https://dblp.uni-trier.de/pid/65/550.html'
<title>Hanlin Lu</title>;'https://dblp.uni-trier.de/pid/96/5273.html'
<title>Peter Thiemann 0001</title>;'https://dblp.uni-trier.de/pid/93/8654.html'
<title>Sergio Mover</title>;'https://dblp.uni-trier.de/pid/70/1118.html'
<title>Bhaskar Chakraborty</title>;'https://dblp.uni-trier.de/pid/55/5062.html'
<title>Michael Holtmann</title>;'https://dblp.uni-trier.de/pid/e/OEgecioglu.html'
<title>Pavlos Antoniou</title>;'https://dblp.uni-trier.de/pid/73/924.html'
<title>Piotr Oprocha</title>;'https://dblp.uni-trier.de/pid/59/9125.html'
<title>Ping Liu 0001</title>;'https://dblp.uni-trier.de/pid/157/6118-1.html'
<title>Marie-Catherine Vilarem</title>;'https://dblp.uni-trier.de/pid/16/6465.html'
<title>Su-Hyeon Kim</title>;'https://dblp.uni-trier.de/pid/39/6778.html'
<title>Michal Hospodár</title>;'https://dblp.uni-trier.de/pid/46/4291.html'
<title>A. C. Cem Say</title>;'https://dblp.uni-trier.de/pid/85/733.html'
<title>Jean-Francis Michon</title>;'https://dblp.uni-trier.de/pid/63/9960.html'
<title>Aitzol Ezeiza</title>;'https://dblp.uni-trier.de/pid/166/0758.html'
<title>Jean-Marc Champarnaud</title>;'https://dblp.uni-trier.de/pid/37/153.html'
<title>Robert Giegerich</title>;'https://dblp.uni-trier.de/pid/69/4700.html'
<title>Kazuhiro Inaba</title>;'https://dblp.uni-trier.de/pid/181/2007-1.html'
<title>Yo-Sub Han</title>;'https://dblp.uni-trier.de/pid/13/6092.html'
<title>Masayuki Takeda</title>;'https://dblp.uni-trier.de/pid/r/WojciechRytter.html'
<title>Aleksandrs Belovs</title>;'https://dblp.uni-trier.de/pid/91/1979.html'
<title>Thomas Genet</title>;'https://dblp.uni-trier.de/pid/92/2095.html'
<title>Dominique L'Her</title>;'https://dblp.uni-trier.de/pid/71/5443.html'
<title>Timothy Ng 0001</title>;'https://dblp.uni-trier.de/pid/13/9960.html'
<title>Michael Luttenberger</title>;'https://dblp.uni-trier.de/pid/81/894.html'
<title>Jan Lahoda</title>;'https://dblp.uni-trier.de/pid/69/1625.html'
<title>José Morais</title>;'https://dblp.uni-trier.de/pid/32/618.html'
<title>Marco Almeida</title>;'https://dblp.uni-trier.de/pid/67/3488.html'
<title>Masami Hagiya</title>;'https://dblp.uni-trier.de/pid/15/7673.html'
<title>Jibran Rashid</title>;'https://dblp.uni-trier.de/pid/68/5147.html'
<title>Stefan Hoffmann 0001</title>;'https://dblp.uni-trier.de/pid/12/1449.html'
<title>Yifu Yang</title>;'https://dblp.uni-trier.de/pid/02/624.html'
<title>Éric Laugerotte</title>;'https://dblp.uni-trier.de/pid/16/8319.html'
<title>Javier Gil</title>;'https://dblp.uni-trier.de/pid/321/6407.html'
<title>Xiaoyu Song</title>;'https://dblp.uni-trier.de/pid/81/3428.html'
<title>Stanislav Stekr</title>;'https://dblp.uni-trier.de/pid/g/RobJvanGlabbeek.html'
<title>Johanna Björklund</title>;'https://dblp.uni-trier.de/pid/72/9959.html'
<title>Kim G. Larsen</title>;'https://dblp.uni-trier.de/pid/86/1702.html'
<title>Manfred Kufleitner</title>;'https://dblp.uni-trier.de/pid/09/4143.html'
<title>Mikhail V. Berlinkov</title>;'https://dblp.uni-trier.de/pid/41/4735.html'
<title>Denis Debarbieux</title>;'https://dblp.uni-trier.de/pid/f/HenningFernau.html'
<title>Xavier Augros</title>;'https://dblp.uni-trier.de/pid/y/MihalisYannakakis.html'
<title>Michel Coornaert</title>;'https://dblp.uni-trier.de/pid/69/6644.html'
<title>Claus Brabrand</title>;'https://dblp.uni-trier.de/pid/s/RichardEdwinStearns.html'
<title>Md. Mahbubul Hasan</title>;'https://dblp.uni-trier.de/pid/94/2464.html'
<title>Mark Daley</title>;'https://dblp.uni-trier.de/pid/13/5961.html'
<title>Evgeny Skvortsov</title>;'https://dblp.uni-trier.de/pid/89/3641.html'
<title>Guy Perrier</title>;'https://dblp.uni-trier.de/pid/06/4342.html'
<title>Ramaswamy Ramanujam</title>;'https://dblp.uni-trier.de/pid/190/7312.html'
<title>Frank Drewes</title>;'https://dblp.uni-trier.de/pid/24/8836.html'
<title>S. S. Ravi</title>;'https://dblp.uni-trier.de/pid/06/3334.html'
<title>Ivana Krajnáková</title>;'https://dblp.uni-trier.de/pid/98/6165.html'
<title>Paul Gastin</title>;'https://dblp.uni-trier.de/pid/80/1138.html'
<title>Benoît Razet</title>;'https://dblp.uni-trier.de/pid/47/4049.html'
<title>Kazuhito Hagio</title>;'https://dblp.uni-trier.de/pid/166/1600.html'
<title>Volker Diekert</title>;'https://dblp.uni-trier.de/pid/b/ChristelBaier.html'
<title>Jean Mairesse</title>;'https://dblp.uni-trier.de/pid/22/5692.html'
<title>Yonghua Han</title>;'https://dblp.uni-trier.de/pid/02/222.html'
<title>Hwee Kim</title>;'https://dblp.uni-trier.de/pid/41/1330.html'
<title>Jean Vuillemin</title>;'https://dblp.uni-trier.de/pid/23/293.html'
<title>Frantisek Mráz</title>;'https://dblp.uni-trier.de/pid/w/DerickWood.html'
<title>Joseph Le Roux</title>;'https://dblp.uni-trier.de/pid/82/11198-1.html'
<title>Slawomir Bakalarski</title>;'https://dblp.uni-trier.de/pid/s/JeffreyShallit.html'
<title>Florent Nicart</title>;'https://dblp.uni-trier.de/pid/247/4205.html'
<title>Bala Ravikumar</title>;'https://dblp.uni-trier.de/pid/132/1961.html'
<title>Pierpaolo Degano</title>;'https://dblp.uni-trier.de/pid/82/2372.html'
<title>Tsai-Cheng Wang</title>;'https://dblp.uni-trier.de/pid/292/7939.html'
<title>Xiuming Wu</title>;'https://dblp.uni-trier.de/pid/09/5209.html'
<title>Gloria Andrade</title>;'https://dblp.uni-trier.de/pid/28/881.html'
<title>Vincent Le Maout</title>;'https://dblp.uni-trier.de/pid/03/3582.html'
<title>Bruce W. Watson</title>;'https://dblp.uni-trier.de/pid/s/VaclavSnasel.html'
<title>Stefano Crespi-Reghizzi</title>;'https://dblp.uni-trier.de/pid/83/2086.html'
<title>Adam Yao</title>;'https://dblp.uni-trier.de/pid/71/1981.html'
<title>Bruno Courcelle</title>;'https://dblp.uni-trier.de/pid/69/340.html'
<title>Jan Strejcek</title>;'https://dblp.uni-trier.de/pid/i/OscarHIbarra.html'
<title>Todd Wareham</title>;'https://dblp.uni-trier.de/pid/t/NicholasQTran.html'
<title>Christof Baeijs</title>;'https://dblp.uni-trier.de/pid/k/AloisKnoll.html'
<title>Mónica del Pilar Canales Chacon</title>;'https://dblp.uni-trier.de/pid/g/JorgeGranaGil.html'
<title>Priti Shankar</title>;'https://dblp.uni-trier.de/pid/s/LudwigStaiger.html'
<title>Marcus Nilsson</title>;'https://dblp.uni-trier.de/pid/51/8776.html'
<title>Martin Zimmermann 0002</title>;'https://dblp.uni-trier.de/pid/t/AvrahamTrakhtman.html'
<title>Dmitry M. Rusakov</title>;'https://dblp.uni-trier.de/pid/79/11143.html'
<title>Eleni Mandrali</title>;'https://dblp.uni-trier.de/pid/s/NicolaeSantean.html'
<title>Akim Demaille</title>;'https://dblp.uni-trier.de/pid/98/6688.html'
<title>Jan Zdárek</title>;'https://dblp.uni-trier.de/pid/y/HsuChunYen.html'
<title>Kazuo Iwama</title>;'https://dblp.uni-trier.de/pid/47/9125.html'
<title>César Bravo</title>;'https://dblp.uni-trier.de/pid/42/4087.html'
<title>Meenakshi Paramasivan</title>;'https://dblp.uni-trier.de/pid/220/4362.html'
<title>Ingo Felscher</title>;'https://dblp.uni-trier.de/pid/86/8242.html'
<title>Joshua Amavi</title>;'https://dblp.uni-trier.de/pid/193/1735.html'
<title>Abuzer Yakaryilmaz</title>;'https://dblp.uni-trier.de/pid/30/3872.html'
<title>Marek A. Perkowski</title>;'https://dblp.uni-trier.de/pid/p/AndrzejPelc.html'
<title>Denis Lugiez</title>;'https://dblp.uni-trier.de/pid/h/DavidHarel.html'
<title>Luca Prigioniero</title>;'https://dblp.uni-trier.de/pid/d/VolkerDiekert.html'
<title>Luca Breveglieri</title>;'https://dblp.uni-trier.de/pid/e/ZoltanEsik.html'
<title>Thierry Lecroq</title>;'https://dblp.uni-trier.de/pid/p/GPaun.html'
<title>Michiel Frishert</title>;'https://dblp.uni-trier.de/pid/81/2648.html'
<title>Thomas A. Henzinger</title>;'https://dblp.uni-trier.de/pid/73/3073.html'
<title>Farn Wang</title>;'https://dblp.uni-trier.de/pid/83/6391.html'
<title>Béatrice Bouchou-Markhoff</title>;'https://dblp.uni-trier.de/pid/01/880.html'
<title>Manuel Delgado 0001</title>;'https://dblp.uni-trier.de/pid/80/7247.html'
<title>Chiara Epifanio</title>;'https://dblp.uni-trier.de/pid/70/6536-3.html'
<title>Michael Domaratzki</title>;'https://dblp.uni-trier.de/pid/154/2814.html'
<title>Carsten Fritz</title>;'https://dblp.uni-trier.de/pid/09/734.html'
<title>José Fortes Gálvez</title>;'https://dblp.uni-trier.de/pid/s/KamranSedig.html'
<title>Cédric Bastien</title>;'https://dblp.uni-trier.de/pid/d/StephanDiehl1.html'
<title>Sabine Broda</title>;'https://dblp.uni-trier.de/pid/59/7880.html'
<title>Hellis Tamm</title>;'https://dblp.uni-trier.de/pid/66/9959.html'
<title>Louis Latour</title>;'https://dblp.uni-trier.de/pid/60/3064.html'
<title>Andreas Kerren</title>;'https://dblp.uni-trier.de/pid/44/6743.html'
<title>Are Uppman</title>;'https://dblp.uni-trier.de/pid/179/4995.html'
<title>Ivone Amorim</title>;'https://dblp.uni-trier.de/pid/73/924.html'
<title>William I. Gasarch</title>;'https://dblp.uni-trier.de/pid/67/4899.html'
<title>Kristína Cevorová</title>;'https://dblp.uni-trier.de/pid/38/1949.html'
<title>Tomás Polcar</title>;'https://dblp.uni-trier.de/pid/64/6177.html'
<title>Zdenek Tronícek</title>;'https://dblp.uni-trier.de/pid/29/1213.html'
<title>Jiri Dvorský</title>;'https://dblp.uni-trier.de/pid/04/704.html'
<title>Adam Rogalewicz</title>;'https://dblp.uni-trier.de/pid/75/191.html'
<title>Franck Guingne</title>;'https://dblp.uni-trier.de/pid/27/4119.html'
<title>Arnaud Carayol</title>;'https://dblp.uni-trier.de/pid/165/8694.html'
<title>Martin Sulzmann</title>;'https://dblp.uni-trier.de/pid/78/5300.html'
<title>Viktor Olejar</title>;'https://dblp.uni-trier.de/pid/m/AMorzenti.html'
<title>Gordana Pavlovic-Lazetic</title>;'https://dblp.uni-trier.de/pid/05/2645.html'
<title>Shunsuke Inenaga</title>;'https://dblp.uni-trier.de/pid/c/ArnaudCarayol.html'
<title>Thibault Godin</title>;'https://dblp.uni-trier.de/pid/70/1542.html'
<title>Christof Löding</title>;'https://dblp.uni-trier.de/pid/86/4985.html'
<title>Daniel Neider</title>;'https://dblp.uni-trier.de/pid/84/472.html'
<title>Satoshi Okui</title>;'https://dblp.uni-trier.de/pid/53/221.html'
<title>Olivier Blanc</title>;'https://dblp.uni-trier.de/pid/76/5063.html'
<title>Michael Vielhaber 0001</title>;'https://dblp.uni-trier.de/pid/94/270.html'
<title>Jorge Graña Gil</title>;'https://dblp.uni-trier.de/pid/03/5895.html'
<title>Michael Gerbush</title>;'https://dblp.uni-trier.de/pid/44/4388.html'
<title>Firat Kiyak</title>;'https://dblp.uni-trier.de/pid/36/5799.html'
<title>Brent Heeringa</title>;'https://dblp.uni-trier.de/pid/72/463.html'
<title>Christiane Frougny</title>;'https://dblp.uni-trier.de/pid/71/2618.html'
<title>Lionel Marcé</title>;'https://dblp.uni-trier.de/pid/62/4876.html'
<title>Bernard Boigelot</title>;'https://dblp.uni-trier.de/pid/117/1582.html'
<title>Jiamou Liu</title>;'https://dblp.uni-trier.de/pid/09/4704.html'
<title>Olga Martynova 0001</title>;'https://dblp.uni-trier.de/pid/59/1434.html'
<title>Alexander Sakharov</title>;'https://dblp.uni-trier.de/pid/l/DenisLugiez.html'
<title>Olivier Gauwin</title>;'https://dblp.uni-trier.de/pid/139/8245.html'
<title>Václav Snásel</title>;'https://dblp.uni-trier.de/pid/22/250.html'
<title>Matthew Drotar</title>;'https://dblp.uni-trier.de/pid/86/6994.html'
<title>Helmut Seidl</title>;'https://dblp.uni-trier.de/pid/72/5451.html'
<title>Dietrich Kuske</title>;'https://dblp.uni-trier.de/pid/u/EskoUkkonen.html'
<title>Nils Klarlund</title>;'https://dblp.uni-trier.de/pid/o/JOteroP.html'
<title>Rusins Freivalds</title>;'https://dblp.uni-trier.de/pid/08/10670.html'
<title>Marco Cognetta</title>;'https://dblp.uni-trier.de/pid/06/761.html'
<title>Marco Roveri</title>;'https://dblp.uni-trier.de/pid/88/7174.html'
<title>Radu Iosif</title>;'https://dblp.uni-trier.de/pid/59/3307.html'
<title>Daniel Prusa</title>;'https://dblp.uni-trier.de/pid/132/1983.html'
<title>Attila Egri-Nagy</title>;'https://dblp.uni-trier.de/pid/49/637.html'
<title>Patrick Watrin</title>;'https://dblp.uni-trier.de/pid/48/1861.html'
<title>Reinhard Wilhelm</title>;'https://dblp.uni-trier.de/pid/70/6638.html'
<title>Jacques Sakarovitch</title>;'https://dblp.uni-trier.de/pid/c/RCCarrasco.html'
<title>Benedikt Bollig</title>;'https://dblp.uni-trier.de/pid/58/4731.html'
<title>Gaoyan Xie</title>;'https://dblp.uni-trier.de/pid/40/6297.html'
<title>Ayumi Shinohara</title>;'https://dblp.uni-trier.de/pid/30/3557-5.html'
<title>Markus Holzer 0001</title>;'https://dblp.uni-trier.de/pid/t/JormaTarhio.html'
<title>Olgierd Unold</title>;'https://dblp.uni-trier.de/pid/b/BenediktBollig.html'
<title>Christoph Schulte Althoff</title>;'https://dblp.uni-trier.de/pid/152/0486.html'
<title>Artur Jez</title>;'https://dblp.uni-trier.de/pid/83/1062.html'
<title>Mohammad Sohel Rahman</title>;'https://dblp.uni-trier.de/pid/94/4355.html'
<title>Stephan Diehl 0001</title>;'https://dblp.uni-trier.de/pid/20/118.html'
<title>Maurice Herwig</title>;'https://dblp.uni-trier.de/pid/30/6031.html'
<title>François Cantin</title>;'https://dblp.uni-trier.de/pid/164/1690.html'
<title>Kai Salomaa</title>;'https://dblp.uni-trier.de/pid/61/649.html'
<title>David Chiang 0001</title>;'https://dblp.uni-trier.de/pid/45/123.html'
<title>Matús Palmovský</title>;'https://dblp.uni-trier.de/pid/12/4149.html'
<title>Ahmed Amarni</title>;'https://dblp.uni-trier.de/pid/39/6106.html'
<title>Sheng Yu 0001</title>;'https://dblp.uni-trier.de/pid/23/9.html'
<title>Norbert Hundeshagen</title>;'https://dblp.uni-trier.de/pid/43/5101.html'
<title>Daniel Reidenbach</title>;'https://dblp.uni-trier.de/pid/s/JWSu.html'
<title>Mikel L. Forcada</title>;'https://dblp.uni-trier.de/pid/80/2024.html'
<title>Lydia Rodriguez de la Nava</title>;'https://dblp.uni-trier.de/pid/l/ChristofLoding.html'
<title>Anne Bergeron</title>;'https://dblp.uni-trier.de/pid/51/5888.html'
<title>Lisa Kaati</title>;'https://dblp.uni-trier.de/pid/80/9679.html'
<title>Dora Giammarresi</title>;'https://dblp.uni-trier.de/pid/19/38.html'
<title>Andreas Malcher</title>;'https://dblp.uni-trier.de/pid/05/1762.html'
<title>Tamás Gaál</title>;'https://dblp.uni-trier.de/pid/19/336.html'
<title>Pavel Martyugin</title>;'https://dblp.uni-trier.de/pid/29/5029.html'
<title>Kimmo Koskenniemi</title>;'https://dblp.uni-trier.de/pid/28/10360.html'
<title>Zeshan Peng</title>;'https://dblp.uni-trier.de/pid/27/3868.html'
<title>Mukkai S. Krishnamoorthy</title>;'https://dblp.uni-trier.de/pid/g/RobertGluck.html'
<title>Constantinos Bartzis</title>;'https://dblp.uni-trier.de/pid/59/9687.html'
<title>Abhijin Adiga</title>;'https://dblp.uni-trier.de/pid/v/JesusVilares.html'
<title>Leandro Rodríguez Liñares</title>;'https://dblp.uni-trier.de/pid/33/1518.html'
<title>Tetsuya Matsumoto</title>;'https://dblp.uni-trier.de/pid/90/952.html'
<title>Alexandre Duret-Lutz</title>;'https://dblp.uni-trier.de/pid/61/367.html'
<title>Nicolas Gama</title>;'https://dblp.uni-trier.de/pid/82/730.html'
<title>Kamran Sedig</title>;'https://dblp.uni-trier.de/pid/83/4294.html'
<title>Klaus Sutner</title>;'https://dblp.uni-trier.de/pid/98/2498.html'
<title>Mathieu Giraud</title>;'https://dblp.uni-trier.de/pid/42/6841.html'
<title>Madlen Kimmritz</title>;'https://dblp.uni-trier.de/pid/68/7172.html'
<title>Mehryar Mohri</title>;'https://dblp.uni-trier.de/pid/53/3923.html'
<title>Anne Condon</title>;'https://dblp.uni-trier.de/pid/l/KamalLodaya.html'
<title>Dieter Hofbauer</title>;'https://dblp.uni-trier.de/pid/t/StefanoTonetta.html'
<title>Bundit Pibaljommee</title>;'https://dblp.uni-trier.de/pid/90/1344.html'
<title>Jorma Tarhio</title>;'https://dblp.uni-trier.de/pid/27/9125.html'
<title>Florin Manea</title>;'https://dblp.uni-trier.de/pid/k/MSKrishnamoorthy.html'
<title>George Anton Kiraz</title>;'https://dblp.uni-trier.de/pid/29/3150.html'
<title>Janusz A. Brzozowski</title>;'https://dblp.uni-trier.de/pid/223/4918.html'
<title>Rodrigo Castaño</title>;'https://dblp.uni-trier.de/pid/00/4758.html'
<title>David Rappaport</title>;'https://dblp.uni-trier.de/pid/08/4932.html'
<title>Gregory Kucherov</title>;'https://dblp.uni-trier.de/pid/132/1960.html'
<title>Rogério Reis</title>;'https://dblp.uni-trier.de/pid/33/658.html'
<title>Manuel Baclet</title>;'https://dblp.uni-trier.de/pid/15/5377.html'
<title>Dominique Revuz</title>;'https://dblp.uni-trier.de/pid/26/4241.html'
<title>Ian McQuillan</title>;'https://dblp.uni-trier.de/pid/k/ErnestKetchaNgassam.html'
<title>Ulrik Terp Rasmussen</title>;'https://dblp.uni-trier.de/pid/h/CdlHiguera.html'
<title>Andrei Paun</title>;'https://dblp.uni-trier.de/pid/c/MClerbout.html'
<title>Renate Klempien-Hinrichs</title>;'https://dblp.uni-trier.de/pid/79/1435.html'
<title>Björn Borchardt</title>;'https://dblp.uni-trier.de/pid/w/PierreWolper.html'
<title>Marcin Piatkowski</title>;'https://dblp.uni-trier.de/pid/80/2956.html'
<title>Martin Kutrib</title>;'https://dblp.uni-trier.de/pid/11/4210.html'
<title>Djelloul Ziadi</title>;'https://dblp.uni-trier.de/pid/145/5339.html'
<title>Barbara Klunder</title>;'https://dblp.uni-trier.de/pid/17/6905.html'
<title>Frédéric Tantini</title>;'https://dblp.uni-trier.de/pid/118/1460.html'
<title>Kees Hemerik</title>;'https://dblp.uni-trier.de/pid/57/4224.html'
<title>Alicja Trusewicz</title>;'https://dblp.uni-trier.de/pid/93/7172.html'
<title>Sang-Ki Ko</title>;'https://dblp.uni-trier.de/pid/66/4904.html'
<title>Antonio Cano Gómez</title>;'https://dblp.uni-trier.de/pid/97/6960.html'
<title>Fang Yu 0001</title>;'https://dblp.uni-trier.de/pid/96/438.html'
<title>Antonio Restivo</title>;'https://dblp.uni-trier.de/pid/t/GabrielThierrin.html'
<title>Wojciech Skut</title>;'https://dblp.uni-trier.de/pid/32/6117.html'
<title>Michael Riley 0001</title>;'https://dblp.uni-trier.de/pid/34/188-1.html'
<title>Philippe Le Parc</title>;'https://dblp.uni-trier.de/pid/79/6837.html'
<title>Zhe Dang</title>;'https://dblp.uni-trier.de/pid/73/8044.html'
<title>Pierre Ganty</title>;'https://dblp.uni-trier.de/pid/96/6540.html'
<title>Ines Klimann</title>;'https://dblp.uni-trier.de/pid/72/4842.html'
<title>Cristian S. Calude</title>;'https://dblp.uni-trier.de/pid/15/3718.html'
<title>Francisco J. Ribadas</title>;'https://dblp.uni-trier.de/pid/72/4078.html'
<title>Morten Biehl</title>;'https://dblp.uni-trier.de/pid/k/ChristophKoch.html'
<title>Donald R. Franceschetti</title>;'https://dblp.uni-trier.de/pid/31/7172.html'
<title>Laurent Noé</title>;'https://dblp.uni-trier.de/pid/24/853.html'
<title>Mikhail A. Roytberg</title>;'https://dblp.uni-trier.de/pid/77/2513.html'
<title>Bow-Yaw Wang</title>;'https://dblp.uni-trier.de/pid/84/1150.html'
<title>Anssi Yli-Jyrä</title>;'https://dblp.uni-trier.de/pid/27/3416.html'
<title>Tevfik Bultan</title>;'https://dblp.uni-trier.de/pid/50/1007.html'
<title>Kamal Lodaya</title>;'https://dblp.uni-trier.de/pid/01/5035.html'
<title>Charlotte L. Miller</title>;'https://dblp.uni-trier.de/pid/g/GiusiCastiglione.html'
<title>Mihaela Gheorghiu Bobaru</title>;'https://dblp.uni-trier.de/pid/182/6157.html'
<title>Shmuel Tomi Klein</title>;'https://dblp.uni-trier.de/pid/34/3391.html'
<title>Samira Attou</title>;'https://dblp.uni-trier.de/pid/43/5661.html'
<title>Jérôme Amilhastre</title>;'https://dblp.uni-trier.de/pid/a/MiguelAAlonso.html'
<title>Cinzia Di Giusto</title>;'https://dblp.uni-trier.de/pid/74/410.html'
<title>Denis Maurel</title>;'https://dblp.uni-trier.de/pid/11/6327.html'
<title>Nathan Preston</title>;'https://dblp.uni-trier.de/pid/182/6176.html'
<title>Andrzej Pelc</title>;'https://dblp.uni-trier.de/pid/51/533.html'
<title>Susan H. Rodger</title>;'https://dblp.uni-trier.de/pid/77/5783.html'
<title>Rafael C. Carrasco</title>;'https://dblp.uni-trier.de/pid/82/4618.html'
<title>Tullio Ceccherini-Silberstein</title>;'https://dblp.uni-trier.de/pid/22/639.html'
<title>Marius Dumitran</title>;'https://dblp.uni-trier.de/pid/249/5355.html'
<title>Oliver A. S. Lyon</title>;'https://dblp.uni-trier.de/pid/l/KimGuldstrandLarsen.html'
<title>Radu Negulescu</title>;'https://dblp.uni-trier.de/pid/c/MCrochemore.html'
<title>Wojciech Debski</title>;'https://dblp.uni-trier.de/pid/66/3456.html'
<title>Philippe Veber</title>;'https://dblp.uni-trier.de/pid/o/AOkhotin.html'
<title>Robert Glück</title>;'https://dblp.uni-trier.de/pid/74/441.html'
<title>Robert Kelly</title>;'https://dblp.uni-trier.de/pid/79/5612.html'
<title>Seth Fogarty</title>;'https://dblp.uni-trier.de/pid/42/4028.html'
<title>Bakhadyr Khoussainov</title>;'https://dblp.uni-trier.de/pid/97/374.html'
<title>Shubh Narayan Singh</title>;'https://dblp.uni-trier.de/pid/12/3055.html'
<title>Jan Daciuk</title>;'https://dblp.uni-trier.de/pid/27/2249.html'
<title>Gianluca Mezzetti</title>;'https://dblp.uni-trier.de/pid/22/1750.html'
<title>Suna Bensch</title>;'https://dblp.uni-trier.de/pid/a/LucaAceto.html'
<title>Peter Habermehl</title>;'https://dblp.uni-trier.de/pid/176/5082.html'
<title>Jean-Luc Ponty</title>;'https://dblp.uni-trier.de/pid/b/JABrzozowski.html'
<title>Wolfgang Thomas</title>;'https://dblp.uni-trier.de/pid/81/5510.html'
<title>Giovanni Pighizzini</title>;'https://dblp.uni-trier.de/pid/61/6274.html'
<title>Jorge Calvo-Zaragoza</title>;'https://dblp.uni-trier.de/pid/j/HJurgensen.html'
<title>Mihaela Paun</title>;'https://dblp.uni-trier.de/pid/58/2201.html'
<title>Pavel Martyugin</title>;'https://dblp.uni-trier.de/pid/321/6450.html'
<title>Roberto Radicioni</title>;'https://dblp.uni-trier.de/pid/g/RobertGiegerich.html'
<title>Jianlong Tan</title>;'https://dblp.uni-trier.de/pid/b/FBlanchetSadri.html'
<title>Jan Holub 0001</title>;'https://dblp.uni-trier.de/pid/75/4426.html'
<title>José N. Oliveira</title>;'https://dblp.uni-trier.de/pid/64/762.html'
<title>Mikhail V. Volkov</title>;'https://dblp.uni-trier.de/pid/296/0334.html'
<title>Lila Kari</title>;'https://dblp.uni-trier.de/pid/93/3383.html'
<title>Radek Pelánek</title>;'https://dblp.uni-trier.de/pid/12/2285.html'
<title>Tamara Shcherbak</title>;'https://dblp.uni-trier.de/pid/146/7766.html'
<title>Klaus U. Schulz</title>;'https://dblp.uni-trier.de/pid/31/7223.html'
<title>Shmuel Tomi Klein</title>;'https://dblp.uni-trier.de/pid/95/5508.html'
<title>Jozef Jirásek 0002</title>;'https://dblp.uni-trier.de/pid/m/SebastianManeth.html'
<title>Jinfeng Zan</title>;'https://dblp.uni-trier.de/pid/53/947.html'
<title>Victor Mitrana</title>;'https://dblp.uni-trier.de/pid/144/7555.html'
<title>Natasa Jonoska</title>;'https://dblp.uni-trier.de/pid/52/991.html'
<title>Larissa Werlein</title>;'https://dblp.uni-trier.de/pid/28/6153.html'
<title>Derick Wood</title>;'https://dblp.uni-trier.de/pid/z/JanZdarek.html'
<title>James Glenn</title>;'https://dblp.uni-trier.de/pid/76/5200.html'
<title>Russell J. Deaton</title>;'https://dblp.uni-trier.de/pid/08/2582.html'
<title>Javier Esparza</title>;'https://dblp.uni-trier.de/pid/23/6970.html'
<title>Joshua Young</title>;'https://dblp.uni-trier.de/pid/98/6256.html'
<title>Eric Balkanski</title>;'https://dblp.uni-trier.de/pid/62/964.html'
<title>Ming-Hsien Tsai</title>;'https://dblp.uni-trier.de/pid/49/4233.html'
<title>Jianwen Su</title>;'https://dblp.uni-trier.de/pid/147/8557.html'
<title>Hermann Gruber</title>;'https://dblp.uni-trier.de/pid/165/8672.html'
<title>Max H. Garzon</title>;'https://dblp.uni-trier.de/pid/79/3795.html'
<title>Víctor J. Díaz</title>;'https://dblp.uni-trier.de/pid/07/10360.html'
<title>Philippe Janssen</title>;'https://dblp.uni-trier.de/pid/00/7175.html'
<title>Marinella Sciortino</title>;'https://dblp.uni-trier.de/pid/09/1814.html'
<title>Frank Stephan 0001</title>;'https://dblp.uni-trier.de/pid/86/919.html'
<title>Frédéric Piat</title>;'https://dblp.uni-trier.de/pid/17/4893.html'
<title>Kazuyuki Asada</title>;'https://dblp.uni-trier.de/pid/00/2793.html'
<title>Franz Jahn</title>;'https://dblp.uni-trier.de/pid/186/0436.html'
<title>M. Wayne Wilson</title>;'https://dblp.uni-trier.de/pid/37/1275.html'
<title>Martin Lange</title>;'https://dblp.uni-trier.de/pid/99/4528.html'
<title>Yannick Parmentier 0001</title>;'https://dblp.uni-trier.de/pid/n/GonzaloNavarro.html'
<title>Kevin Stier</title>;'https://dblp.uni-trier.de/pid/69/1383.html'
<title>Jacques Chabin</title>;'https://dblp.uni-trier.de/pid/48/7737.html'
<title>Alois C. Knoll</title>;'https://dblp.uni-trier.de/pid/87/6893.html'
<title>Adrian Francalanza</title>;'https://dblp.uni-trier.de/pid/160/8228.html'
<title>Christos A. Kapoutsis</title>;'https://dblp.uni-trier.de/pid/j/GJiraskova.html'
<title>Olivier Rousseau</title>;'https://dblp.uni-trier.de/pid/92/272-1.html'
<title>Guy Arbitman</title>;'https://dblp.uni-trier.de/pid/05/2717.html'
<title>Stoyan Mihov</title>;'https://dblp.uni-trier.de/pid/52/2077.html'
<title>Theis Rauhe</title>;'https://dblp.uni-trier.de/pid/146/0422.html'
<title>Hong-Yi Wang</title>;'https://dblp.uni-trier.de/pid/49/1455.html'
<title>Alfonso Rodríguez-Patón</title>;'https://dblp.uni-trier.de/pid/k/RAKemmerer.html'
<title>Gloria Inés Alvarez</title>;'https://dblp.uni-trier.de/pid/76/1674.html'
<title>John Wittnebel</title>;'https://dblp.uni-trier.de/pid/33/2120.html'
<title>Ayon Sen</title>;'https://dblp.uni-trier.de/pid/m/FilippoMignosi.html'
<title>Roméo Courbis</title>;'https://dblp.uni-trier.de/pid/20/999.html'
<title>Johannes Osterholzer</title>;'https://dblp.uni-trier.de/pid/43/6368.html'
<title>Antonio Di Stasio 0001</title>;'https://dblp.uni-trier.de/pid/92/900.html'
<title>Michal Vorácek</title>;'https://dblp.uni-trier.de/pid/97/8237.html'
<title>Manuel Vilares Ferro</title>;'https://dblp.uni-trier.de/pid/75/5475.html'
<title>Michael Thomas 0004</title>;'https://dblp.uni-trier.de/pid/49/2648.html'
<title>Irène Durand</title>;'https://dblp.uni-trier.de/pid/92/3700.html'
<title>Stanley Edward Stevens Jr.</title>;'https://dblp.uni-trier.de/pid/35/4442.html'
<title>Thomas Paranthoën</title>;'https://dblp.uni-trier.de/pid/62/4416.html'
<title>Aneta Binder</title>;'https://dblp.uni-trier.de/pid/09/4711.html'
<title>Jason R. Smith 0002</title>;'https://dblp.uni-trier.de/pid/43/2367.html'
<title>Derrick G. Kourie</title>;'https://dblp.uni-trier.de/pid/e/EEberbach.html'
<title>Heiko Vogler</title>;'https://dblp.uni-trier.de/pid/00/6512.html'
<title>Bryan Krawetz</title>;'https://dblp.uni-trier.de/pid/34/5632.html'
<title>Andrew Badr</title>;'https://dblp.uni-trier.de/pid/07/5192.html'
<title>Christophe Daguin</title>;'https://dblp.uni-trier.de/pid/34/5542.html'
<title>Dominique Lavenier</title>;'https://dblp.uni-trier.de/pid/51/3734.html'
<title>Ivan Zakharyaschev</title>;'https://dblp.uni-trier.de/pid/118/5957.html'
<title>Tristan Le Gall</title>;'https://dblp.uni-trier.de/pid/g/MihaelaGheorghiuBobaru.html'
<title>Bai Li (disambiguation)</title>;'https://dblp.uni-trier.de/pid/180/5480.html'
<title>Mirian Halfeld Ferrari Alves</title>;'https://dblp.uni-trier.de/pid/05/7175.html'
<title>Eugene Eberbach</title>;'https://dblp.uni-trier.de/pid/65/922.html'
<title>J. Andrés Montoya</title>;'https://dblp.uni-trier.de/pid/t/WolfgangThomas.html'
<title>Maximilian Schlund</title>;'https://dblp.uni-trier.de/pid/182/6182.html'
<title>Giusi Castiglione</title>;'https://dblp.uni-trier.de/pid/154/8959.html'
<title>Mutlu Beyazit</title>;'https://dblp.uni-trier.de/pid/99/1614.html'
<title>Diptarama</title>;'https://dblp.uni-trier.de/pid/62/6048.html'
<title>Masaki Nakanishi</title>;'https://dblp.uni-trier.de/pid/70/4605.html'
<title>Markus Lohrey</title>;'https://dblp.uni-trier.de/pid/17/906.html'
<title>Tsai-Hung Fan</title>;'https://dblp.uni-trier.de/pid/59/6051.html'
<title>João José Neto</title>;'https://dblp.uni-trier.de/pid/52/579.html'
<title>Alexander Lauser</title>;'https://dblp.uni-trier.de/pid/49/6444.html'
<title>Bruno Guillon</title>;'https://dblp.uni-trier.de/pid/23/2503.html'
<title>Eugene Weinstein</title>;'https://dblp.uni-trier.de/pid/w/TWareham.html'
<title>Lamana Mulaffer</title>;'https://dblp.uni-trier.de/pid/78/4640.html'
<title>Markus L. Schmid</title>;'https://dblp.uni-trier.de/pid/37/3263.html'
<title>Ladislav Vagner</title>;'https://dblp.uni-trier.de/pid/38/6116.html'
<title>Jean-Michel Couvreur</title>;'https://dblp.uni-trier.de/pid/49/1174.html'
<title>S. Ulbrand</title>;'https://dblp.uni-trier.de/pid/44/3505-1.html'
<title>Rimma I. Podlovchenko</title>;'https://dblp.uni-trier.de/pid/22/6627.html'
<title>Thomas Claveirole</title>;'https://dblp.uni-trier.de/pid/t/HingFungTing.html'
<title>Adam Clarridge</title>;'https://dblp.uni-trier.de/pid/05/2921.html'
<title>Abiel Roche-Lima</title>;'https://dblp.uni-trier.de/pid/89/233-1.html'
<title>Robert E. Mercer</title>;'https://dblp.uni-trier.de/pid/46/1614.html'
<title>Solon P. Pissis</title>;'https://dblp.uni-trier.de/pid/65/5953.html'
<title>Alexander Okhotin</title>;'https://dblp.uni-trier.de/pid/84/635.html'
<title>Haruo Hosoya</title>;'https://dblp.uni-trier.de/pid/318/2800.html'
<title>Emine Seid-Hilmi</title>;'https://dblp.uni-trier.de/pid/77/1610.html'
<title>Andreas Krebs</title>;'https://dblp.uni-trier.de/pid/52/7111.html'
<title>Heikki Hyyrö</title>;'https://dblp.uni-trier.de/pid/13/3203.html'
<title>Edon Kelmendi</title>;'https://dblp.uni-trier.de/pid/93/4971.html'
<title>Mihalis Yannakakis</title>;'https://dblp.uni-trier.de/pid/18/1323.html'
<title>Martin Berglund</title>;'https://dblp.uni-trier.de/pid/10/695-4.html'
<title>Laura K. Hutchinson</title>;'https://dblp.uni-trier.de/pid/c/AnneCondon.html'
<title>A. S. M. Shohidull Islam</title>;'https://dblp.uni-trier.de/pid/74/6087.html'
<title>Julie Carson-Berndsen</title>;'https://dblp.uni-trier.de/pid/75/5784.html'
<title>Tomás Vávra</title>;'https://dblp.uni-trier.de/pid/84/5934.html'
<title>Sílvia Cavadas</title>;'https://dblp.uni-trier.de/pid/147/8451.html'
<title>Robert Mercas</title>;'https://dblp.uni-trier.de/pid/09/3115.html'
<title>Christian Buckl</title>;'https://dblp.uni-trier.de/pid/35/1544.html'
<title>Nils Buhrke</title>;'https://dblp.uni-trier.de/pid/27/10482.html'
<title>Brian Fristensky</title>;'https://dblp.uni-trier.de/pid/s/KUSchulz.html'
<title>Avraham Trakhtman</title>;'https://dblp.uni-trier.de/pid/w/BruceWWatson.html'
<title>Juan Otero Pombo</title>;'https://dblp.uni-trier.de/pid/44/2355.html'
<title>Li Guo 0001</title>;'https://dblp.uni-trier.de/pid/90/3379.html'
<title>Paolo Massazza</title>;'https://dblp.uni-trier.de/pid/17/927.html'
<title>Dana Shapira</title>;'https://dblp.uni-trier.de/pid/b/AhmedBouajjani.html'
<title>Erez Buchnik</title>;'https://dblp.uni-trier.de/pid/88/4294.html'
<title>Andrzej Ehrenfeucht</title>;'https://dblp.uni-trier.de/pid/e/JEsparza.html'
<title>João Pires</title>;'https://dblp.uni-trier.de/pid/165/8665.html'
<title>Margus Veanes</title>;'https://dblp.uni-trier.de/pid/47/5591.html'
<title>Kenji Hashimoto</title>;'https://dblp.uni-trier.de/pid/130/3850.html'
<title>Niels Bjørn Bugge Grathwohl</title>;'https://dblp.uni-trier.de/pid/m/RobertEMercer.html'
<title>Cristina Tîrnauca</title>;'https://dblp.uni-trier.de/pid/96/10107.html'
<title>Jurek Czyzowicz</title>;'https://dblp.uni-trier.de/pid/55/118.html'
<title>Jan Procházka</title>;'https://dblp.uni-trier.de/pid/79/7411.html'
<title>Dane Henshall</title>;'https://dblp.uni-trier.de/pid/81/5479.html'
<title>Esko Ukkonen</title>;'https://dblp.uni-trier.de/pid/132/1964.html'
<title>Denis Kuperberg</title>;'https://dblp.uni-trier.de/pid/s/HelmutSeidl.html'
<title>Maria Paola Bianchi</title>;'https://dblp.uni-trier.de/pid/88/1129.html'
<title>José Oncina</title>;'https://dblp.uni-trier.de/pid/01/2938.html'
<title>Kevin Knight</title>;'https://dblp.uni-trier.de/pid/10/4341.html'
<title>Libor Polák</title>;'https://dblp.uni-trier.de/pid/192/1754.html'
<title>Brian Roark</title>;'https://dblp.uni-trier.de/pid/16/2622.html'
<title>Nicholas Tran</title>;'https://dblp.uni-trier.de/pid/z/HZantema.html'
<title>Frédérique Bassino</title>;'https://dblp.uni-trier.de/pid/120/6413.html'
<title>Sandra Huerter</title>;'https://dblp.uni-trier.de/pid/09/7561.html'
<title>Suman Roy 0001</title>;'https://dblp.uni-trier.de/pid/24/3612.html'
<title>Robert Bakaric</title>;'https://dblp.uni-trier.de/pid/60/9959.html'
<title>Henning Fernau</title>;'https://dblp.uni-trier.de/pid/71/6552.html'
<title>Jesús Vilares</title>;'https://dblp.uni-trier.de/pid/56/7911.html'
<title>Étienne Lozes</title>;'https://dblp.uni-trier.de/pid/09/8910.html'
<title>Hartmut Messerschmidt</title>;'https://dblp.uni-trier.de/pid/74/837.html'
<title>Wit Forys</title>;'https://dblp.uni-trier.de/pid/74/2120.html'
<title>Ryo Yoshinaka</title>;'https://dblp.uni-trier.de/pid/16/5567.html'
<title>Friedrich Otto</title>;'https://dblp.uni-trier.de/pid/k/NilsKlarlund.html'
<title>Hyunjoon Cheon</title>;'https://dblp.uni-trier.de/pid/10/624.html'
<title>Steyn van Litsenborgh</title>;'https://dblp.uni-trier.de/pid/k/JHKreowski.html'
<title>Florian Bruse</title>;'https://dblp.uni-trier.de/pid/35/7175.html'
<title>Taylor J. Smith</title>;'https://dblp.uni-trier.de/pid/i/AIngolfsdottir.html'
<title>Tomasz Jurdzinski</title>;'https://dblp.uni-trier.de/pid/132/1997.html'
<title>Denis Béchet</title>;'https://dblp.uni-trier.de/pid/142/1133.html'
<title>Alfons Geser</title>;'https://dblp.uni-trier.de/pid/72/4846.html'
<title>Alessandra Gabriele</title>;'https://dblp.uni-trier.de/pid/38/4510.html'
<title>Indhumathi Raman</title>;'https://dblp.uni-trier.de/pid/76/2580.html'
<title>Manfred Droste</title>;'https://dblp.uni-trier.de/pid/16/5983.html'
<title>Steffen Kopecki</title>;'https://dblp.uni-trier.de/pid/47/6419.html'
<title>Julien David</title>;'https://dblp.uni-trier.de/pid/h/MasamiHagiya.html'
<title>Moshe Y. Vardi</title>;'https://dblp.uni-trier.de/pid/147/8529.html'
<title>Dale Gerdemann</title>;'https://dblp.uni-trier.de/pid/h/KeesHemerik.html'
<title>Simão Melo de Sousa</title>;'https://dblp.uni-trier.de/pid/61/61.html'
<title>Karen Rudie</title>;'https://dblp.uni-trier.de/pid/267/9809.html'
<title>Hariharan Subramanian</title>;'https://dblp.uni-trier.de/pid/67/1510.html'
<title>Nerea Ezeiza</title>;'https://dblp.uni-trier.de/pid/14/3402.html'
<title>Petr Sosík</title>;'https://dblp.uni-trier.de/pid/78/997.html'
<title>Yuri Velinov</title>;'https://dblp.uni-trier.de/pid/44/7660.html'
<title>Hideo Bannai</title>;'https://dblp.uni-trier.de/pid/s/FrankStephan.html'
<title>Pierre Réty</title>;'https://dblp.uni-trier.de/pid/59/2178.html'
<title>Nicolaas Weideman</title>;'https://dblp.uni-trier.de/pid/k/StavrosKonstantinidis.html'
<title>Isabelle Tellier</title>;'https://dblp.uni-trier.de/pid/63/1639.html'
<title>Marie-Chantal Beaulieu</title>;'https://dblp.uni-trier.de/pid/e/AEhrenfeucht.html'
<title>Jacobie Mouton</title>;'https://dblp.uni-trier.de/pid/37/2510.html'
<title>Jürgen Albert</title>;'https://dblp.uni-trier.de/pid/41/5129.html'
<title>Torsten Weller</title>;'https://dblp.uni-trier.de/pid/04/692.html'
<title>Martin Simunek</title>;'https://dblp.uni-trier.de/pid/32/6467.html'
<title>Mireille Clerbout</title>;'https://dblp.uni-trier.de/pid/59/3392.html'
<title>Sigrid Ewert</title>;'https://dblp.uni-trier.de/pid/87/2946.html'
<title>Georg Lojka</title>;'https://dblp.uni-trier.de/pid/182/6122.html'
<title>Jan Janousek</title>;'https://dblp.uni-trier.de/pid/81/171.html'
<title>Beatrix Braune</title>;'https://dblp.uni-trier.de/pid/01/4182.html'
<title>Heiko Goeman</title>;'https://dblp.uni-trier.de/pid/h/ThomasAHenzinger.html'
<title>Chrystopher L. Nehaniv</title>;'https://dblp.uni-trier.de/pid/70/3797.html'
<title>Simone Faro</title>;'https://dblp.uni-trier.de/pid/56/6114.html'
<title>Damir Korencic</title>;'https://dblp.uni-trier.de/pid/34/6797.html'
<title>Nelma Moreira</title>;'https://dblp.uni-trier.de/pid/09/6913.html'
<title>Jae-Hee Ahn</title>;'https://dblp.uni-trier.de/pid/16/3031.html'
<title>Helmut Lescow</title>;'https://dblp.uni-trier.de/pid/125/3621.html'
<title>Pierre-Yves Schobbens</title>;'https://dblp.uni-trier.de/pid/55/5954.html'
<title>Özdeniz Dolu</title>;'https://dblp.uni-trier.de/pid/16/613.html'
<title>Michael Tautschnig</title>;'https://dblp.uni-trier.de/pid/01/5931-1.html'
<title>Beatrice Palano</title>;'https://dblp.uni-trier.de/pid/39/386-1.html'
<title>Lukás Holík</title>;'https://dblp.uni-trier.de/pid/97/10871.html'
<title>Isabelle Simplot-Ryl</title>;'https://dblp.uni-trier.de/pid/70/6176.html'
<title>Xiang Fu</title>;'https://dblp.uni-trier.de/pid/15/999.html'
<title>Jakub Kowalski</title>;'https://dblp.uni-trier.de/pid/32/3049-1.html'
<title>Victor M. Darriba</title>;'https://dblp.uni-trier.de/pid/51/7012.html'
<title>David Pereira</title>;'https://dblp.uni-trier.de/pid/k/MartinKutrib.html'
<title>Raphael 'kena' Poss</title>;'https://dblp.uni-trier.de/pid/84/1588.html'
<title>Ming Li 0001</title>;'https://dblp.uni-trier.de/pid/74/5910.html'
<title>Dominik Schmitz</title>;'https://dblp.uni-trier.de/pid/50/6237.html'
<title>Lakshmanan Kuppusamy</title>;'https://dblp.uni-trier.de/pid/45/756.html'
<title>Yuki Nozaki</title>;'https://dblp.uni-trier.de/pid/08/9672.html'
<title>Tingwen Liu</title>;'https://dblp.uni-trier.de/pid/48/609.html'
<title>José Ruiz 0001</title>;'https://dblp.uni-trier.de/pid/95/298.html'
<title>Nevzat Ersoy</title>;'https://dblp.uni-trier.de/pid/32/1457.html'
<title>Anguraj Baskar</title>;'https://dblp.uni-trier.de/pid/07/2826.html'
<title>Jorge Graña Gil</title>;'https://dblp.uni-trier.de/pid/68/5365.html'
<title>Gilad Baruch</title>;'https://dblp.uni-trier.de/pid/16/6072.html'
<title>Yu-Ru Cheng</title>;'https://dblp.uni-trier.de/pid/54/1797.html'
<title>Pierluigi San Pietro</title>;'https://dblp.uni-trier.de/pid/68/8774.html'
<title>Takuya Nishiyama</title>;'https://dblp.uni-trier.de/pid/09/246.html'
<title>William J. Hutton III</title>;'https://dblp.uni-trier.de/pid/60/452.html'
<title>Lauri Karttunen</title>;'https://dblp.uni-trier.de/pid/59/1067.html'
<title>Antonis Achilleos</title>;'https://dblp.uni-trier.de/pid/37/2503.html'
<title>Wojciech Fraczak</title>;'https://dblp.uni-trier.de/pid/147/8411.html'
<title>Peter Mlynárcik</title>;'https://dblp.uni-trier.de/pid/36/4618.html'
<title>Véronique Cortier</title>;'https://dblp.uni-trier.de/pid/47/5900.html'
<title>Anna Ingólfsdóttir</title>;'https://dblp.uni-trier.de/pid/80/6105.html'
<title>Matthew Kilgore</title>;'https://dblp.uni-trier.de/pid/129/5650.html'
<title>José João Morais</title>;'https://dblp.uni-trier.de/pid/56/5603.html'
<title>Natalia Kushik</title>;'https://dblp.uni-trier.de/pid/94/439.html'
<title>Jens Vöge</title>;'https://dblp.uni-trier.de/pid/23/3778.html'
<title>Szabolcs Iván</title>;'https://dblp.uni-trier.de/pid/25/5993.html'
<title>Yung-Pin Cheng</title>;'https://dblp.uni-trier.de/pid/194/2376.html'
<title>Chris J. Kuhlman</title>;'https://dblp.uni-trier.de/pid/22/987.html'
<title>Sarah O'Connor</title>;'https://dblp.uni-trier.de/pid/43/4982.html'
<title>Barbara Schubert</title>;'https://dblp.uni-trier.de/pid/70/8932.html'
<title>John A. Rose</title>;'https://dblp.uni-trier.de/pid/97/10625.html'
<title>Markus Ulbricht 0001</title>;'https://dblp.uni-trier.de/pid/82/2359.html'
